dish_id,date,facility,facility_id,line,name_en,name_de,diet,first_seen_at,last_seen_at,sold_out_at,price_students,price_internal,price_external,energy,protein,fat,carbohydrates,salt,sugar,saturated_fatty_acids
1,2026-08-05,Mendokoro,16,Shi,Chicken Tonkatsu Bowl,Chicken Tonkatsu Bowl,meat,2026-08-05T06:53:09Z,2026-08-05T09:55:07Z,,13.8,15.8,18.8,728,5.8,3.7,29,1.07,6.1,0.5
2,2026-08-05,Mendokoro,16,San,Cold Moiroka Ramen,Cold Moiroka Ramen,vegetarian,2026-08-05T06:53:09Z,2026-08-05T09:55:07Z,,12.5,14.5,17.5,269,2.3,3.0,10,1.15,1.1,0.1
3,2026-08-05,Mendokoro,16,Ichi,Miso Ramen,Miso Ramen,vegetarian,2026-08-05T06:53:09Z,2026-08-05T09:55:07Z,,10.5,12.5,15.5,293,2.8,3.6,10,1.21,0.9,0.2
4,2026-08-05,Mendokoro,16,Ni,Shoyu Ramen,Shoyu Ramen,vegetarian,2026-08-05T06:53:09Z,2026-08-05T09:55:07Z,,10.5,12.5,15.5,308,2.9,3.7,11,1.29,0.8,0.2
5,2026-08-05,Mendokoro,16,Roku,Tori Ramen,Tori Ramen,meat,2026-08-05T06:53:09Z,2026-08-05T09:55:07Z,,13.8,15.8,18.8,317,5.0,3.5,9.5,1.17,0.8,0.2
17,2026-08-05,food market,19,fire,Black Pepper Chicken,Black Pepper Chicken,meat,2026-08-05T06:53:09Z,2026-08-05T09:55:07Z,,8.5,12.5,15.5,552,4.9,1.7,24,1.79,8.6,0.1
23,2026-08-05,food market,19,pasta classica,Cajun Pasta with Shrimp,Cajun Pasta mit Crevetten,fish,2026-08-05T06:53:09Z,2026-08-05T09:55:07Z,,8.5,12.5,15.5,490,6.2,2.8,16,0.55,2.1,1.0
24,2026-08-05,food market,19,pasta della nonna,Cappelletti with Tomatoes & Mozzarella,Cappelletti Tomaten & Mozzarella,unclassified,2026-08-05T06:53:09Z,2026-08-05T09:55:07Z,,9.5,13.5,16.5,675,6.5,6.3,19,1.18,2.2,1.5
33,2026-08-05,food market,19,green delight,Choose 5,Choose 5,unclassified,2026-08-05T06:53:09Z,2026-08-05T09:55:07Z,,9.9,13.9,16.9,0.0,0.0,0.0,0.0,0.00,0.0,0.0
36,2026-08-05,food market,19,green daily,Dal made from yellow peas,Dal aus gelben Erbsen,vegan,2026-08-05T06:53:09Z,2026-08-05T09:55:07Z,,7.0,11.5,14.5,612,4.4,4.6,21,0.78,1.7,2.8
64,2026-08-05,food market,19,pizza classica,Pizza Margherita,Pizza Margherita,vegetarian,2026-08-05T06:53:09Z,2026-08-05T09:55:07Z,,7.0,11.5,14.5,858,9.6,5.3,29,1.28,1.2,2.5
86,2026-08-05,food market,19,grill,The BLT Burger,The BLT Burger,meat,2026-08-05T06:53:09Z,2026-08-05T09:55:07Z,,12.5,15.5,18.5,779,7.6,9.1,18,1.31,1.9,2.4
1,2026-08-06,Mendokoro,16,Shi,Chicken Tonkatsu Bowl,Chicken Tonkatsu Bowl,meat,2026-08-06T06:53:44Z,2026-08-06T08:56:07Z,,13.8,15.8,18.8,728,5.8,3.7,29,1.07,6.1,0.5
2,2026-08-06,Mendokoro,16,San,Cold Moiroka Ramen,Cold Moiroka Ramen,vegetarian,2026-08-06T06:53:44Z,2026-08-06T08:56:07Z,,12.5,14.5,17.5,269,2.3,3.0,10,1.15,1.1,0.1
3,2026-08-06,Mendokoro,16,Ichi,Miso Ramen,Miso Ramen,vegetarian,2026-08-06T06:53:44Z,2026-08-06T08:56:07Z,,10.5,12.5,15.5,293,2.8,3.6,10,1.21,0.9,0.2
4,2026-08-06,Mendokoro,16,Ni,Shoyu Ramen,Shoyu Ramen,vegetarian,2026-08-06T06:53:44Z,2026-08-06T08:56:07Z,,10.5,12.5,15.5,308,2.9,3.7,11,1.29,0.8,0.2
5,2026-08-06,Mendokoro,16,Roku,Tori Ramen,Tori Ramen,meat,2026-08-06T06:53:44Z,2026-08-06T08:56:07Z,,13.8,15.8,18.8,317,5.0,3.5,9.5,1.17,0.8,0.2
12,2026-08-06,food market,19,grill,Banh Mi Hot Dog,Banh Mi Hot Dog,meat,2026-08-06T06:53:44Z,2026-08-06T08:56:07Z,,9.9,12.9,15.9,905,7.0,10,23,1.41,6.1,3.0
25,2026-08-06,food market,19,pasta classica vegi,Casarecce alla Nerano,Casarecce alla Nerano,unclassified,2026-08-06T06:53:44Z,2026-08-06T08:56:07Z,,7.0,11.5,14.5,825,5.0,12,17,0.16,1.8,2.4
33,2026-08-06,food market,19,green delight,Choose 5,Choose 5,unclassified,2026-08-06T06:53:44Z,2026-08-06T08:56:07Z,,9.9,13.9,16.9,0.0,0.0,0.0,0.0,0.00,0.0,0.0
46,2026-08-06,food market,19,fire,Gourmet Italian Filet,Schlemmerfilet Italiano,fish,2026-08-06T06:53:44Z,2026-08-06T08:56:07Z,,8.5,12.5,15.5,528,4.7,7.8,9.3,0.70,1.2,1.0
64,2026-08-06,food market,19,pizza classica,Pizza Margherita,Pizza Margherita,vegetarian,2026-08-06T06:53:44Z,2026-08-06T08:56:07Z,,7.0,11.5,14.5,858,9.6,5.3,29,1.28,1.2,2.5
65,2026-08-06,food market,19,green daily,"Planted, Viennese Style",Planted Wiener Art,vegan,2026-08-06T06:53:44Z,2026-08-06T08:56:07Z,,7.0,11.5,14.5,668,5.7,7.3,16,1.05,1.7,0.7
89,2026-08-06,food market,19,pasta della nonna,Tori Yakisoba Wok,Tori Yakisoba Wok,meat,2026-08-06T06:53:44Z,2026-08-06T08:56:07Z,,9.5,13.5,16.5,728,5.8,8.0,19,1.79,2.0,1.2
1,2026-08-07,Mendokoro,16,Shi,Chicken Tonkatsu Bowl,Chicken Tonkatsu Bowl,meat,2026-08-07T06:24:08Z,2026-08-07T11:16:39Z,,13.8,15.8,18.8,728,5.8,3.7,29,1.07,6.1,0.5
2,2026-08-07,Mendokoro,16,San,Cold Moiroka Ramen,Cold Moiroka Ramen,vegetarian,2026-08-07T06:24:08Z,2026-08-07T11:16:39Z,,12.5,14.5,17.5,269,2.3,3.0,10,1.15,1.1,0.1
3,2026-08-07,Mendokoro,16,Ichi,Miso Ramen,Miso Ramen,vegetarian,2026-08-07T06:24:08Z,2026-08-07T11:16:39Z,,10.5,12.5,15.5,293,2.8,3.6,10,1.21,0.9,0.2
4,2026-08-07,Mendokoro,16,Ni,Shoyu Ramen,Shoyu Ramen,vegetarian,2026-08-07T06:24:08Z,2026-08-07T11:16:39Z,,10.5,12.5,15.5,308,2.9,3.7,11,1.29,0.8,0.2
5,2026-08-07,Mendokoro,16,Roku,Tori Ramen,Tori Ramen,meat,2026-08-07T06:24:08Z,2026-08-07T11:16:39Z,,13.8,15.8,18.8,317,5.0,3.5,9.5,1.17,0.8,0.2
10,2026-08-07,food market,19,pasta classica,Baked Pasta,Pasta al forno,meat,2026-08-07T06:24:08Z,2026-08-07T11:16:39Z,,8.5,12.5,15.5,547,5.3,5.1,15,0.46,1.8,1.5
30,2026-08-07,food market,19,grill,Chicken Cordon Bleu,Poulet Cordon Bleu,meat,2026-08-07T06:24:08Z,2026-08-07T08:31:13Z,,10.5,13.5,16.5,665,6.0,8.7,17,0.98,1.4,1.4
31,2026-08-07,food market,19,grill,Chicken Cutlet,Pouletschnitzel,meat,2026-08-07T11:16:39Z,2026-08-07T11:16:39Z,,10.5,13.5,16.5,665,6.0,8.7,17,0.98,1.4,1.4
33,2026-08-07,food market,19,green delight,Choose 5,Choose 5,unclassified,2026-08-07T06:24:08Z,2026-08-07T11:16:39Z,,9.9,13.9,16.9,0.0,0.0,0.0,0.0,0.00,0.0,0.0
37,2026-08-07,food market,19,fire,Delicatessen Meat Loaf,Delikatess Fleischkäse,meat,2026-08-07T06:24:08Z,2026-08-07T11:16:39Z,,8.5,12.5,15.5,669,5.5,8.9,13,0.83,1.4,2.5
44,2026-08-07,food market,19,pasta della nonna,Gnocchi with Giardinera,Gnocchi al Giardinera,vegetarian,2026-08-07T06:24:08Z,2026-08-07T11:16:39Z,,9.5,13.5,16.5,639,3.0,8.6,15,0.88,2.2,2.2
64,2026-08-07,food market,19,pizza classica,Pizza Margherita,Pizza Margherita,vegetarian,2026-08-07T06:24:08Z,2026-08-07T11:16:39Z,,7.0,11.5,14.5,858,9.6,5.3,29,1.28,1.2,2.5
82,2026-08-07,food market,19,green daily,Tandoori Chickpeas & Sweet Potatoes,Tandoori Chickpeas & Sweet Potatoes,vegan,2026-08-07T06:24:08Z,2026-08-07T11:16:39Z,,7.0,11.5,14.5,542,4.0,4.5,18,1.77,2.3,3.1
1,2026-08-10,Mendokoro,16,Shi,Chicken Tonkatsu Bowl,Chicken Tonkatsu Bowl,meat,2026-08-10T06:27:26Z,2026-08-10T11:23:18Z,,13.8,15.8,18.8,728,5.8,3.7,29,1.07,6.1,0.5
2,2026-08-10,Mendokoro,16,San,Cold Moiroka Ramen,Cold Moiroka Ramen,vegetarian,2026-08-10T06:27:26Z,2026-08-10T11:23:18Z,,12.5,14.5,17.5,269,2.3,3.0,10,1.15,1.1,0.1
3,2026-08-10,Mendokoro,16,Ichi,Miso Ramen,Miso Ramen,vegetarian,2026-08-10T06:27:26Z,2026-08-10T11:23:18Z,,10.5,12.5,15.5,293,2.8,3.6,10,1.21,0.9,0.2
4,2026-08-10,Mendokoro,16,Ni,Shoyu Ramen,Shoyu Ramen,vegetarian,2026-08-10T06:27:26Z,2026-08-10T11:23:18Z,,10.5,12.5,15.5,308,2.9,3.7,11,1.29,0.8,0.2
5,2026-08-10,Mendokoro,16,Roku,Tori Ramen,Tori Ramen,meat,2026-08-10T06:27:26Z,2026-08-10T11:23:18Z,,13.8,15.8,18.8,317,5.0,3.5,9.5,1.17,0.8,0.2
15,2026-08-10,food market,19,fire,Beef Teriyaki,Beef Teriyaki,meat,2026-08-10T11:23:18Z,2026-08-10T11:23:18Z,,8.5,12.5,15.5,531,5.2,3.8,17,1.33,2.4,0.8
33,2026-08-10,food market,19,green delight,Choose 5,Choose 5,unclassified,2026-08-10T06:27:26Z,2026-08-10T11:23:18Z,,9.9,13.9,16.9,0.0,0.0,0.0,0.0,0.00,0.0,0.0
45,2026-08-10,food market,19,green daily,Gnocchi with Tomato Sauce,Gnocchi mit Tomatensauce,unclassified,2026-08-10T11:23:18Z,2026-08-10T11:23:18Z,,7.0,11.5,14.5,458,4.6,4.0,12,0.87,2.2,0.9
52,2026-08-10,food market,19,green daily,Lasagna,Lasagne,vegan,2026-08-10T06:27:26Z,2026-08-10T10:52:46Z,,7.0,11.5,14.5,458,4.6,4.0,12,0.87,2.2,0.9
53,2026-08-10,food market,19,grill,Lumberjack Steak in the Rock Garden,Holzfällersteak im Steingarten,meat,2026-08-10T06:27:26Z,2026-08-10T11:23:18Z,,13.5,16.5,19.5,852,8.8,14,12,2.18,3.1,3.4
64,2026-08-10,food market,19,pizza classica,Pizza Margherita,Pizza Margherita,vegetarian,2026-08-10T06:27:26Z,2026-08-10T11:23:18Z,,7.0,11.5,14.5,858,9.6,5.3,29,1.28,1.2,2.5
77,2026-08-10,food market,19,pasta classica vegi,Spaghetti & Spicy Vegetarian Balls,Spaghetti & Spicy Vegetrian Balls,vegetarian,2026-08-10T06:27:26Z,2026-08-10T11:23:18Z,,7.0,11.5,14.5,478,5.3,2.8,16,0.52,1.5,0.6
83,2026-08-10,food market,19,fire,Teriyaki Beef Balls,Teriyaki Beef Balls,meat,2026-08-10T10:52:46Z,2026-08-10T10:52:46Z,,8.5,12.5,15.5,531,5.2,3.8,17,1.33,2.4,0.8
84,2026-08-10,food market,19,fire,Teriyaki Chicken Balls,Teriyaki Chicken Balls,meat,2026-08-10T06:27:26Z,2026-08-10T09:31:07Z,,8.5,12.5,15.5,531,5.2,3.8,17,1.33,2.4,0.8
85,2026-08-10,food market,19,pasta della nonna,Thai Drunken Noodles,Thai Drunken Noodles,vegan,2026-08-10T06:27:26Z,2026-08-10T11:23:18Z,,9.5,13.5,16.5,688,6.3,6.5,19,0.92,5.0,0.9
1,2026-08-11,Mendokoro,16,Shi,Chicken Tonkatsu Bowl,Chicken Tonkatsu Bowl,meat,2026-08-11T06:18:32Z,2026-08-11T11:15:42Z,,13.8,15.8,18.8,728,5.8,3.7,29,1.07,6.1,0.5
2,2026-08-11,Mendokoro,16,San,Cold Moiroka Ramen,Cold Moiroka Ramen,vegetarian,2026-08-11T06:18:32Z,2026-08-11T11:15:42Z,,12.5,14.5,17.5,269,2.3,3.0,10,1.15,1.1,0.1
3,2026-08-11,Mendokoro,16,Ichi,Miso Ramen,Miso Ramen,vegetarian,2026-08-11T06:18:32Z,2026-08-11T11:15:42Z,,10.5,12.5,15.5,293,2.8,3.6,10,1.21,0.9,0.2
4,2026-08-11,Mendokoro,16,Ni,Shoyu Ramen,Shoyu Ramen,vegetarian,2026-08-11T06:18:32Z,2026-08-11T11:15:42Z,,10.5,12.5,15.5,308,2.9,3.7,11,1.29,0.8,0.2
5,2026-08-11,Mendokoro,16,Roku,Tori Ramen,Tori Ramen,meat,2026-08-11T06:18:32Z,2026-08-11T11:15:42Z,,13.8,15.8,18.8,317,5.0,3.5,9.5,1.17,0.8,0.2
8,2026-08-11,food market,19,green daily,Alpine Rösti with a Fried Egg,Älpler Rösti mit Spiegelei,vegetarian,2026-08-11T06:18:32Z,2026-08-11T11:15:42Z,,7.0,11.5,14.5,501,4.6,4.2,15,0.55,2.2,1.0
22,2026-08-11,food market,19,pasta classica,Cajun Chicken Pasta,Cajun Chicken Pasta,meat,2026-08-11T06:18:32Z,2026-08-11T11:15:42Z,,8.5,12.5,15.5,595,7.8,4.4,17,0.42,1.5,1.0
33,2026-08-11,food market,19,green delight,Choose 5,Choose 5,unclassified,2026-08-11T06:18:32Z,2026-08-11T11:15:42Z,,9.9,13.9,16.9,0.0,0.0,0.0,0.0,0.00,0.0,0.0
64,2026-08-11,food market,19,pizza classica,Pizza Margherita,Pizza Margherita,vegetarian,2026-08-11T06:18:32Z,2026-08-11T11:15:42Z,,7.0,11.5,14.5,858,9.6,5.3,29,1.28,1.2,2.5
73,2026-08-11,food market,19,pasta della nonna,Sardinian Fregola,Fregola Sarda,vegan,2026-08-11T06:18:32Z,2026-08-11T11:15:42Z,,9.5,13.5,16.5,706,4.3,5.9,24,0.52,2.3,2.3
76,2026-08-11,food market,19,grill,Senthil's Best,Senthil`s Best,meat,2026-08-11T06:18:32Z,2026-08-11T11:15:42Z,,11.5,14.5,17.5,560,5.2,5.0,17,0.93,2.2,2.1
96,2026-08-11,food market,19,fire,Zurich-Style Sliced Beef,Geschnetzeltes Zürcher Art,meat,2026-08-11T06:18:32Z,2026-08-11T11:15:42Z,,8.5,12.5,15.5,510,6.0,5.0,12,0.51,1.4,1.2
1,2026-08-12,Mendokoro,16,Shi,Chicken Tonkatsu Bowl,Chicken Tonkatsu Bowl,meat,2026-08-12T06:28:45Z,2026-08-12T10:47:53Z,,13.8,15.8,18.8,728,5.8,3.7,29,1.07,6.1,0.5
2,2026-08-12,Mendokoro,16,San,Cold Moiroka Ramen,Cold Moiroka Ramen,vegetarian,2026-08-12T06:28:45Z,2026-08-12T10:47:53Z,,12.5,14.5,17.5,269,2.3,3.0,10,1.15,1.1,0.1
3,2026-08-12,Mendokoro,16,Ichi,Miso Ramen,Miso Ramen,vegetarian,2026-08-12T06:28:45Z,2026-08-12T10:47:53Z,,10.5,12.5,15.5,293,2.8,3.6,10,1.21,0.9,0.2
4,2026-08-12,Mendokoro,16,Ni,Shoyu Ramen,Shoyu Ramen,vegetarian,2026-08-12T06:28:45Z,2026-08-12T10:47:53Z,,10.5,12.5,15.5,308,2.9,3.7,11,1.29,0.8,0.2
5,2026-08-12,Mendokoro,16,Roku,Tori Ramen,Tori Ramen,meat,2026-08-12T06:28:45Z,2026-08-12T10:47:53Z,,13.8,15.8,18.8,317,5.0,3.5,9.5,1.17,0.8,0.2
33,2026-08-12,food market,19,green delight,Choose 5,Choose 5,unclassified,2026-08-12T06:28:45Z,2026-08-12T10:47:53Z,,9.9,13.9,16.9,0.0,0.0,0.0,0.0,0.00,0.0,0.0
55,2026-08-12,food market,19,pasta classica vegi,Morel Pasta,Morchelpasta,vegetarian,2026-08-12T06:28:45Z,2026-08-12T10:47:53Z,,7.0,11.5,14.5,539,4.7,4.1,18,0.51,0.9,1.5
64,2026-08-12,food market,19,pizza classica,Pizza Margherita,Pizza Margherita,vegetarian,2026-08-12T06:28:45Z,2026-08-12T10:47:53Z,,7.0,11.5,14.5,858,9.6,5.3,29,1.28,1.2,2.5
72,2026-08-12,food market,19,green daily,Samosa Chaat,Samosa Chaat,vegan,2026-08-12T06:28:45Z,2026-08-12T10:47:53Z,,7.0,11.5,14.5,483,3.1,5.8,11,0.73,1.7,4.0
80,2026-08-12,food market,19,fire,Taco - Arroz Rojo,Taco - Arroz Rojo,meat,2026-08-12T06:28:45Z,2026-08-12T10:47:53Z,,8.5,12.5,15.5,696,6.2,6.2,21,0.44,1.5,2.3
81,2026-08-12,food market,19,pasta della nonna,Tagliatelle with Spinach and Salmon,Tagliatelle al Spinachi e Salmone,fish,2026-08-12T06:28:45Z,2026-08-12T10:47:53Z,,9.5,13.5,16.5,582,6.5,6.3,13,0.28,1.3,2.7
87,2026-08-12,food market,19,grill,The Smoky Bacon Burger,The Smoky Bacon Burger,meat,2026-08-12T06:28:45Z,2026-08-12T10:47:53Z,,12.5,15.5,18.5,867,8.9,9.7,20,1.35,2.4,3.0
1,2026-08-13,Mendokoro,16,Shi,Chicken Tonkatsu Bowl,Chicken Tonkatsu Bowl,meat,2026-08-13T06:30:12Z,2026-08-13T11:17:22Z,,13.8,15.8,18.8,728,5.8,3.7,29,1.07,6.1,0.5
2,2026-08-13,Mendokoro,16,San,Cold Moiroka Ramen,Cold Moiroka Ramen,vegetarian,2026-08-13T06:30:12Z,2026-08-13T11:17:22Z,,12.5,14.5,17.5,269,2.3,3.0,10,1.15,1.1,0.1
3,2026-08-13,Mendokoro,16,Ichi,Miso Ramen,Miso Ramen,vegetarian,2026-08-13T06:30:12Z,2026-08-13T11:17:22Z,,10.5,12.5,15.5,293,2.8,3.6,10,1.21,0.9,0.2
4,2026-08-13,Mendokoro,16,Ni,Shoyu Ramen,Shoyu Ramen,vegetarian,2026-08-13T06:30:12Z,2026-08-13T11:17:22Z,,10.5,12.5,15.5,308,2.9,3.7,11,1.29,0.8,0.2
5,2026-08-13,Mendokoro,16,Roku,Tori Ramen,Tori Ramen,meat,2026-08-13T06:30:12Z,2026-08-13T11:17:22Z,,13.8,15.8,18.8,317,5.0,3.5,9.5,1.17,0.8,0.2
13,2026-08-13,food market,19,green delight,"Barbecue in the ""Steinergarten""",Grill im Steinergarten ,vegan,2026-08-13T09:50:21Z,2026-08-13T11:17:22Z,,7.5,7.5,7.5,267,11,24,1.4,2.10,0.5,9.0
33,2026-08-13,food market,19,green delight,Choose 5,Choose 5,unclassified,2026-08-13T06:30:12Z,2026-08-13T06:30:12Z,,9.9,13.9,16.9,0.0,0.0,0.0,0.0,0.00,0.0,0.0
39,2026-08-13,food market,19,grill,ETH Fitness Plate,Fitnessteller ETH,meat,2026-08-13T06:30:12Z,2026-08-13T11:17:22Z,,12.5,15.5,18.5,400,11,4.0,7.2,0.66,2.5,1.4
40,2026-08-13,food market,19,fire,Emmental Sausage Schnitzel,Emmentaler Brätschnitzel,meat,2026-08-13T06:30:12Z,2026-08-13T11:17:22Z,,8.5,12.5,15.5,587,6.1,7.4,12,0.86,1.6,1.8
49,2026-08-13,food market,19,pasta classica,Ground Meat with Horn-Shaped Pasta,G`hacktes mit Hörnli,meat,2026-08-13T06:30:12Z,2026-08-13T11:17:22Z,,8.5,12.5,15.5,483,5.0,2.5,17,0.36,2.2,0.8
58,2026-08-13,food market,19,pasta della nonna,Pad Thai,Pad Thai,meat,2026-08-13T06:30:12Z,2026-08-13T09:50:21Z,,9.5,13.5,16.5,605,6.1,4.0,23,0.80,2.6,0.6
59,2026-08-13,food market,19,pasta della nonna,Pad Thai-Style Fried Rice,Gebratener Reis Pad Thai Style,meat,2026-08-13T11:17:22Z,2026-08-13T11:17:22Z,,9.5,13.5,16.5,605,6.1,4.0,23,0.80,2.6,0.6
64,2026-08-13,food market,19,pizza classica,Pizza Margherita,Pizza Margherita,vegetarian,2026-08-13T06:30:12Z,2026-08-13T11:17:22Z,,7.0,11.5,14.5,858,9.6,5.3,29,1.28,1.2,2.5
92,2026-08-13,food market,19,green daily,Vegetable Meatballs,Gemüse Kötbullar,vegetarian,2026-08-13T06:30:12Z,2026-08-13T11:17:22Z,,7.0,11.5,14.5,396,2.7,2.3,15,0.75,4.6,0.7
1,2026-08-14,Mendokoro,16,Shi,Chicken Tonkatsu Bowl,Chicken Tonkatsu Bowl,meat,2026-08-14T06:28:04Z,2026-08-14T11:15:42Z,,13.8,15.8,18.8,728,5.8,3.7,29,1.07,6.1,0.5
2,2026-08-14,Mendokoro,16,San,Cold Moiroka Ramen,Cold Moiroka Ramen,vegetarian,2026-08-14T06:28:04Z,2026-08-14T11:15:42Z,,12.5,14.5,17.5,269,2.3,3.0,10,1.15,1.1,0.1
3,2026-08-14,Mendokoro,16,Ichi,Miso Ramen,Miso Ramen,vegetarian,2026-08-14T06:28:04Z,2026-08-14T11:15:42Z,,10.5,12.5,15.5,293,2.8,3.6,10,1.21,0.9,0.2
4,2026-08-14,Mendokoro,16,Ni,Shoyu Ramen,Shoyu Ramen,vegetarian,2026-08-14T06:28:04Z,2026-08-14T11:15:42Z,,10.5,12.5,15.5,308,2.9,3.7,11,1.29,0.8,0.2
5,2026-08-14,Mendokoro,16,Roku,Tori Ramen,Tori Ramen,meat,2026-08-14T06:28:04Z,2026-08-14T11:15:42Z,,13.8,15.8,18.8,317,5.0,3.5,9.5,1.17,0.8,0.2
16,2026-08-14,food market,19,grill,Berlin Currywurst,Berliner Currywurst,meat,2026-08-14T06:28:04Z,2026-08-14T09:23:06Z,2026-08-14T11:15:42Z,10.5,13.5,16.5,786,5.3,11,16,1.64,4.2,2.8
21,2026-08-14,food market,19,pasta della nonna,Burrata and Cinque Pi,Burrata e Cinque Pi,unclassified,2026-08-14T06:28:04Z,2026-08-14T11:15:42Z,,9.5,13.5,16.5,771,4.7,11,16,0.88,1.8,2.8
27,2026-08-14,food market,19,green daily,Cauliflower Wings,Blumenkohl Wings,vegetarian,2026-08-14T06:28:04Z,2026-08-14T11:15:42Z,,7.0,11.5,14.5,417,3.2,1.7,20,0.99,1.4,0.2
33,2026-08-14,food market,19,green delight,Choose 5,Choose 5,unclassified,2026-08-14T06:28:04Z,2026-08-14T11:15:42Z,,9.9,13.9,16.9,0.0,0.0,0.0,0.0,0.00,0.0,0.0
35,2026-08-14,food market,19,fire,Coconut-Crusted Pangasius,Pangasius im Kokosmantel,fish,2026-08-14T06:28:04Z,2026-08-14T11:15:42Z,,8.5,12.5,15.5,595,6.0,5.2,18,0.85,1.0,2.8
42,2026-08-14,food market,19,pasta classica vegi,Farfalle alla Norma,Farfalle alla norma,vegan,2026-08-14T06:28:04Z,2026-08-14T11:15:42Z,,7.0,11.5,14.5,473,3.2,3.7,16,0.27,1.8,1.9
64,2026-08-14,food market,19,pizza classica,Pizza Margherita,Pizza Margherita,vegetarian,2026-08-14T06:28:04Z,2026-08-14T11:15:42Z,,7.0,11.5,14.5,858,9.6,5.3,29,1.28,1.2,2.5
1,2026-08-17,Mendokoro,16,Shi,Chicken Tonkatsu Bowl,Chicken Tonkatsu Bowl,meat,2026-08-17T06:10:35Z,2026-08-17T09:46:41Z,,13.8,15.8,18.8,728,5.8,3.7,29,1.07,6.1,0.5
2,2026-08-17,Mendokoro,16,San,Cold Moiroka Ramen,Cold Moiroka Ramen,vegetarian,2026-08-17T06:10:35Z,2026-08-17T09:46:41Z,,12.5,14.5,17.5,269,2.3,3.0,10,1.15,1.1,0.1
3,2026-08-17,Mendokoro,16,Ichi,Miso Ramen,Miso Ramen,vegetarian,2026-08-17T06:10:35Z,2026-08-17T09:46:41Z,,10.5,12.5,15.5,293,2.8,3.6,10,1.21,0.9,0.2
4,2026-08-17,Mendokoro,16,Ni,Shoyu Ramen,Shoyu Ramen,vegetarian,2026-08-17T06:10:35Z,2026-08-17T09:46:41Z,,10.5,12.5,15.5,308,2.9,3.7,11,1.29,0.8,0.2
5,2026-08-17,Mendokoro,16,Roku,Tori Ramen,Tori Ramen,meat,2026-08-17T06:10:35Z,2026-08-17T09:46:41Z,,13.8,15.8,18.8,317,5.0,3.5,9.5,1.17,0.8,0.2
14,2026-08-17,food market,19,fire,Beef Massaman,Beef Massaman,meat,2026-08-17T06:10:35Z,2026-08-17T09:46:41Z,,8.5,12.5,15.5,496,7.1,3.3,17,0.86,0.5,1.8
29,2026-08-17,food market,19,grill,Chicken & Cheese Wrap,Chicken & Cheese Wrap,meat,2026-08-17T09:14:38Z,2026-08-17T09:46:41Z,,12.5,15.5,18.5,806,8.6,9.3,18,1.24,2.3,3.1
33,2026-08-17,food market,19,green delight,Choose 5,Choose 5,unclassified,2026-08-17T06:10:35Z,2026-08-17T09:46:41Z,,9.9,13.9,16.9,0.0,0.0,0.0,0.0,0.00,0.0,0.0
34,2026-08-17,food market,19,pasta della nonna,Chow Mein,Chow Mein,vegan,2026-08-17T06:10:35Z,2026-08-17T09:46:41Z,,9.5,13.5,16.5,491,5.5,2.4,18,2.22,1.6,0.4
48,2026-08-17,food market,19,grill,Grilled Chicken & Cheese Wrap,Grilled Chicken & Cheese Wrap,meat,2026-08-17T06:10:35Z,2026-08-17T07:46:34Z,,12.5,15.5,18.5,806,8.6,9.3,18,1.24,2.3,3.1
56,2026-08-17,food market,19,green daily,Omelet au Gratin,Gratinierte Omelette,vegetarian,2026-08-17T06:10:35Z,2026-08-17T09:46:41Z,,7.0,11.5,14.5,448,4.2,6.6,8.2,0.90,1.6,1.2
62,2026-08-17,food market,19,pasta classica,Pasta with Chicken and Mushrooms,Pasta con Pollo e Funghi,meat,2026-08-17T06:10:35Z,2026-08-17T09:46:41Z,,8.5,12.5,15.5,592,5.1,5.5,17,0.37,2.0,2.4
64,2026-08-17,food market,19,pizza classica,Pizza Margherita,Pizza Margherita,vegetarian,2026-08-17T06:10:35Z,2026-08-17T09:46:41Z,,7.0,11.5,14.5,858,9.6,5.3,29,1.28,1.2,2.5
1,2026-08-18,Mendokoro,16,Shi,Chicken Tonkatsu Bowl,Chicken Tonkatsu Bowl,meat,2026-08-18T06:11:48Z,2026-08-18T11:08:26Z,,13.8,15.8,18.8,728,5.8,3.7,29,1.07,6.1,0.5
2,2026-08-18,Mendokoro,16,San,Cold Moiroka Ramen,Cold Moiroka Ramen,vegetarian,2026-08-18T06:11:48Z,2026-08-18T11:08:26Z,,12.5,14.5,17.5,269,2.3,3.0,10,1.15,1.1,0.1
3,2026-08-18,Mendokoro,16,Ichi,Miso Ramen,Miso Ramen,vegetarian,2026-08-18T06:11:48Z,2026-08-18T11:08:26Z,,10.5,12.5,15.5,293,2.8,3.6,10,1.21,0.9,0.2
4,2026-08-18,Mendokoro,16,Ni,Shoyu Ramen,Shoyu Ramen,vegetarian,2026-08-18T06:11:48Z,2026-08-18T11:08:26Z,,10.5,12.5,15.5,308,2.9,3.7,11,1.29,0.8,0.2
5,2026-08-18,Mendokoro,16,Roku,Tori Ramen,Tori Ramen,meat,2026-08-18T06:11:48Z,2026-08-18T11:08:26Z,,13.8,15.8,18.8,317,5.0,3.5,9.5,1.17,0.8,0.2
20,2026-08-18,food market,19,green daily,Breaded Mushrooms,Panierte Champignons,vegetarian,2026-08-18T06:11:48Z,2026-08-18T11:08:26Z,,7.0,11.5,14.5,580,4.9,5.2,17,0.75,2.0,2.2
32,2026-08-18,food market,19,fire,Chicken Thighs with Chili & Honey,Pouletschenkel mit Chili & Honig,meat,2026-08-18T06:11:48Z,2026-08-18T11:08:26Z,,8.5,12.5,15.5,600,7.4,6.3,13,0.67,2.1,2.0
33,2026-08-18,food market,19,green delight,Choose 5,Choose 5,unclassified,2026-08-18T06:11:48Z,2026-08-18T11:08:26Z,,9.9,13.9,16.9,0.0,0.0,0.0,0.0,0.00,0.0,0.0
41,2026-08-18,food market,19,pasta della nonna,Fancy Carbonara,Fancy Carbonara,meat,2026-08-18T06:11:48Z,2026-08-18T11:08:26Z,,9.5,13.5,16.5,618,6.0,6.5,16,0.65,1.9,2.1
51,2026-08-18,food market,19,grill,Korean Mandu Dumplings,Korean Mandu Dumplings,vegan,2026-08-18T06:11:48Z,2026-08-18T11:08:26Z,,9.5,12.5,15.5,511,2.2,1.5,24,0.88,2.9,0.3
61,2026-08-18,food market,19,pasta classica vegi,Pasta with Broccoli,Pasta ai Broccoli,vegetarian,2026-08-18T06:11:48Z,2026-08-18T11:08:26Z,,7.0,11.5,14.5,707,5.5,4.5,26,0.33,2.5,2.0
64,2026-08-18,food market,19,pizza classica,Pizza Margherita,Pizza Margherita,vegetarian,2026-08-18T06:11:48Z,2026-08-18T11:08:26Z,,7.0,11.5,14.5,858,9.6,5.3,29,1.28,1.2,2.5
1,2026-08-19,Mendokoro,16,Shi,Chicken Tonkatsu Bowl,Chicken Tonkatsu Bowl,meat,2026-08-19T06:11:48Z,2026-08-19T11:39:57Z,,13.8,15.8,18.8,728,5.8,3.7,29,1.07,6.1,0.5
2,2026-08-19,Mendokoro,16,San,Cold Moiroka Ramen,Cold Moiroka Ramen,vegetarian,2026-08-19T06:11:48Z,2026-08-19T11:39:57Z,,12.5,14.5,17.5,269,2.3,3.0,10,1.15,1.1,0.1
3,2026-08-19,Mendokoro,16,Ichi,Miso Ramen,Miso Ramen,vegetarian,2026-08-19T06:11:48Z,2026-08-19T11:39:57Z,,10.5,12.5,15.5,293,2.8,3.6,10,1.21,0.9,0.2
4,2026-08-19,Mendokoro,16,Ni,Shoyu Ramen,Shoyu Ramen,vegetarian,2026-08-19T06:11:48Z,2026-08-19T11:39:57Z,,10.5,12.5,15.5,308,2.9,3.7,11,1.29,0.8,0.2
5,2026-08-19,Mendokoro,16,Roku,Tori Ramen,Tori Ramen,meat,2026-08-19T06:11:48Z,2026-08-19T11:39:57Z,,13.8,15.8,18.8,317,5.0,3.5,9.5,1.17,0.8,0.2
33,2026-08-19,food market,19,green delight,Choose 5,Choose 5,unclassified,2026-08-19T06:11:48Z,2026-08-19T11:39:57Z,,9.9,13.9,16.9,0.0,0.0,0.0,0.0,0.00,0.0,0.0
64,2026-08-19,food market,19,pizza classica,Pizza Margherita,Pizza Margherita,vegetarian,2026-08-19T06:11:48Z,2026-08-19T11:39:57Z,,7.0,11.5,14.5,858,9.6,5.3,29,1.28,1.2,2.5
67,2026-08-19,food market,19,grill,Pulled Pork Burger,Pulled Pork Burger,meat,2026-08-19T06:11:48Z,2026-08-19T06:11:48Z,,11.5,14.5,17.5,781,8.6,6.6,22,1.27,4.8,1.5
68,2026-08-19,food market,19,fire,Red Thai Curry,Rotes Thai Curry,meat,2026-08-19T06:11:48Z,2026-08-19T11:39:57Z,,8.5,12.5,15.5,556,5.7,5.5,15,0.89,1.4,2.7
71,2026-08-19,food market,19,pasta classica,Rigatoni with Veal,Rigatoni al vitello,meat,2026-08-19T06:11:48Z,2026-08-19T11:39:57Z,,8.5,12.5,15.5,623,6.7,2.9,22,0.59,1.4,0.6
88,2026-08-19,food market,19,grill,Tonkatsu Chicken Burger,Tonkatsu Chicken Burger,meat,2026-08-19T11:08:10Z,2026-08-19T11:08:10Z,2026-08-19T11:39:57Z,11.5,14.5,17.5,781,8.6,6.6,22,1.27,4.8,1.5
91,2026-08-19,food market,19,green daily,Vegan Cevapcici on a Dürüm Tortilla,Vegane Cevapcici auf Dürüm Tortilla,vegetarian,2026-08-19T06:11:48Z,2026-08-19T11:39:57Z,,7.0,11.5,14.5,629,5.4,4.8,20,0.97,2.2,0.7
95,2026-08-19,food market,19,pasta della nonna,"Zoodle, Zucchini, and Burrata",Zoodle Zucchini e Burrata,vegetarian,2026-08-19T06:11:48Z,2026-08-19T11:39:57Z,,9.5,13.5,16.5,489,4.3,5.6,13,0.46,2.2,1.5
1,2026-08-20,Mendokoro,16,Shi,Chicken Tonkatsu Bowl,Chicken Tonkatsu Bowl,meat,2026-08-20T06:12:21Z,2026-08-20T11:09:05Z,,13.8,15.8,18.8,728,5.8,3.7,29,1.07,6.1,0.5
2,2026-08-20,Mendokoro,16,San,Cold Moiroka Ramen,Cold Moiroka Ramen,vegetarian,2026-08-20T06:12:21Z,2026-08-20T11:09:05Z,,12.5,14.5,17.5,269,2.3,3.0,10,1.15,1.1,0.1
3,2026-08-20,Mendokoro,16,Ichi,Miso Ramen,Miso Ramen,vegetarian,2026-08-20T06:12:21Z,2026-08-20T11:09:05Z,,10.5,12.5,15.5,293,2.8,3.6,10,1.21,0.9,0.2
4,2026-08-20,Mendokoro,16,Ni,Shoyu Ramen,Shoyu Ramen,vegetarian,2026-08-20T06:12:21Z,2026-08-20T11:09:05Z,,10.5,12.5,15.5,308,2.9,3.7,11,1.29,0.8,0.2
5,2026-08-20,Mendokoro,16,Roku,Tori Ramen,Tori Ramen,meat,2026-08-20T06:12:21Z,2026-08-20T11:09:05Z,,13.8,15.8,18.8,317,5.0,3.5,9.5,1.17,0.8,0.2
7,2026-08-20,food market,19,pasta classica vegi,Alpine Macaroni,Älpler Magronen,vegan,2026-08-20T06:12:21Z,2026-08-20T11:09:05Z,,7.0,11.5,14.5,503,3.5,4.7,15,0.80,2.0,1.0
18,2026-08-20,food market,19,pasta della nonna,Black Pepper Udon,Black Pepper Udon,meat,2026-08-20T06:12:21Z,2026-08-20T11:09:05Z,,9.5,13.5,16.5,539,6.5,2.2,20,3.39,2.6,0.3
33,2026-08-20,food market,19,green delight,Choose 5,Choose 5,unclassified,2026-08-20T06:12:21Z,2026-08-20T11:09:05Z,,9.9,13.9,16.9,0.0,0.0,0.0,0.0,0.00,0.0,0.0
64,2026-08-20,food market,19,pizza classica,Pizza Margherita,Pizza Margherita,vegetarian,2026-08-20T06:12:21Z,2026-08-20T11:09:05Z,,7.0,11.5,14.5,858,9.6,5.3,29,1.28,1.2,2.5
66,2026-08-20,food market,19,fire,Polpetta alla Bruschetta,Polpetta alla Bruschetta,meat,2026-08-20T06:12:21Z,2026-08-20T11:09:05Z,,8.5,12.5,15.5,905,7.6,16,11,1.09,2.1,3.7
74,2026-08-20,food market,19,grill,Schnitzel à la Meyer,Schnitzel à la Meyer,meat,2026-08-20T06:12:21Z,2026-08-20T11:09:05Z,,12.5,15.5,18.5,506,7.5,6.5,7.6,0.89,0.8,1.3
78,2026-08-20,food market,19,green daily,Spiced Lentils by Pascal Haag,Gewürzlinsen von Pascal Haag,vegan,2026-08-20T06:12:21Z,2026-08-20T11:09:05Z,,7.0,11.5,14.5,333,4.1,3.5,7.5,0.21,1.7,1.3
1,2026-08-21,Mendokoro,16,Shi,Chicken Tonkatsu Bowl,Chicken Tonkatsu Bowl,meat,2026-08-21T06:12:56Z,2026-08-21T11:08:54Z,,13.8,15.8,18.8,728,5.8,3.7,29,1.07,6.1,0.5
2,2026-08-21,Mendokoro,16,San,Cold Moiroka Ramen,Cold Moiroka Ramen,vegetarian,2026-08-21T06:12:56Z,2026-08-21T11:08:54Z,,12.5,14.5,17.5,269,2.3,3.0,10,1.15,1.1,0.1
3,2026-08-21,Mendokoro,16,Ichi,Miso Ramen,Miso Ramen,vegetarian,2026-08-21T06:12:56Z,2026-08-21T11:08:54Z,,10.5,12.5,15.5,293,2.8,3.6,10,1.21,0.9,0.2
4,2026-08-21,Mendokoro,16,Ni,Shoyu Ramen,Shoyu Ramen,vegetarian,2026-08-21T06:12:56Z,2026-08-21T11:08:54Z,,10.5,12.5,15.5,308,2.9,3.7,11,1.29,0.8,0.2
5,2026-08-21,Mendokoro,16,Roku,Tori Ramen,Tori Ramen,meat,2026-08-21T06:12:56Z,2026-08-21T11:08:54Z,,13.8,15.8,18.8,317,5.0,3.5,9.5,1.17,0.8,0.2
9,2026-08-21,food market,19,pasta classica,Baked Meat Tortellini,Tortellini carne al forno,meat,2026-08-21T06:12:56Z,2026-08-21T11:08:54Z,,8.5,12.5,15.5,803,7.1,8.3,21,1.23,1.6,2.1
26,2026-08-21,food market,19,pasta della nonna,Cauliflower Gnocchi,Gnocchi Cauliflower,vegan,2026-08-21T06:12:56Z,2026-08-21T11:08:54Z,,9.5,13.5,16.5,686,3.3,7.2,21,1.07,0.7,0.9
33,2026-08-21,food market,19,green delight,Choose 5,Choose 5,unclassified,2026-08-21T06:12:56Z,2026-08-21T11:08:54Z,,9.9,13.9,16.9,0.0,0.0,0.0,0.0,0.00,0.0,0.0
38,2026-08-21,food market,19,grill,Dragon Chicken Strips,Dragon Chicken Strips,meat,2026-08-21T06:12:56Z,2026-08-21T11:08:54Z,,12.5,15.5,18.5,573,10,2.3,18,2.11,3.9,0.5
47,2026-08-21,food market,19,fire,Grilled Bratwurst,Grill Bratwurst,meat,2026-08-21T06:12:56Z,2026-08-21T11:08:54Z,,8.5,12.5,15.5,655,5.7,9.2,12,1.27,1.2,2.6
64,2026-08-21,food market,19,pizza classica,Pizza Margherita,Pizza Margherita,vegetarian,2026-08-21T06:12:56Z,2026-08-21T11:08:54Z,,7.0,11.5,14.5,858,9.6,5.3,29,1.28,1.2,2.5
75,2026-08-21,food market,19,green daily,Seitan Goulash,Seitan Gulasch,vegetarian,2026-08-21T06:12:56Z,2026-08-21T11:08:54Z,,7.0,11.5,14.5,540,5.9,4.1,16,0.97,1.8,0.9
1,2026-08-24,Mendokoro,16,Shi,Chicken Tonkatsu Bowl,Chicken Tonkatsu Bowl,meat,2026-08-24T06:17:19Z,2026-08-24T10:45:38Z,,13.8,15.8,18.8,733,5.8,3.8,29,1.06,6.1,0.5
2,2026-08-24,Mendokoro,16,San,Cold Moiroka Ramen,Cold Moiroka Ramen,vegetarian,2026-08-24T06:17:19Z,2026-08-24T10:45:38Z,,12.5,14.5,17.5,271,2.3,3.0,10,1.15,1.1,0.1
3,2026-08-24,Mendokoro,16,Ichi,Miso Ramen,Miso Ramen,vegetarian,2026-08-24T06:17:19Z,2026-08-24T10:45:38Z,,10.5,12.5,15.5,293,2.8,3.6,10,1.21,0.9,0.2
4,2026-08-24,Mendokoro,16,Ni,Shoyu Ramen,Shoyu Ramen,vegetarian,2026-08-24T06:17:19Z,2026-08-24T10:45:38Z,,10.5,12.5,15.5,308,2.9,3.7,11,1.30,0.8,0.2
5,2026-08-24,Mendokoro,16,Roku,Tori Ramen,Tori Ramen,meat,2026-08-24T06:17:19Z,2026-08-24T10:45:38Z,,13.8,15.8,18.8,318,5.0,3.5,9.5,1.18,0.8,0.2
6,2026-08-24,food market,19,grill,Alpine Herbs Grilled Pork Steak,Alpenkräuter Schweinssteak vom Grill,meat,2026-08-24T06:17:19Z,2026-08-24T10:45:38Z,,12.5,15.5,18.5,470,5.7,6.0,9.9,0.53,1.3,2.1
11,2026-08-24,food market,19,pasta della nonna,Bangkok Beef Noodles,Bangkok Beef Noodles,unclassified,2026-08-24T06:17:19Z,2026-08-24T10:45:38Z,,9.5,13.5,16.5,423,9.4,1.7,11,0.47,2.0,0.3
33,2026-08-24,food market,19,green delight,Choose 5,Choose 5,unclassified,2026-08-24T06:17:19Z,2026-08-24T10:45:38Z,,9.9,13.9,16.9,0.0,0.0,0.0,0.0,0.00,0.0,0.0
43,2026-08-24,food market,19,pasta classica,Fusilli Bolognese,Fusilli alla bolognese,meat,2026-08-24T06:17:19Z,2026-08-24T10:45:38Z,,8.5,12.5,15.5,592,6.3,3.0,22,0.32,2.1,0.9
54,2026-08-24,food market,19,green daily,Mapo Tofu,Mapo Tofu,vegan,2026-08-24T06:17:19Z,2026-08-24T10:45:38Z,,7.0,11.5,14.5,483,6.1,2.0,17,0.86,0.9,0.3
64,2026-08-24,food market,19,pizza classica,Pizza Margherita,Pizza Margherita,vegetarian,2026-08-24T06:17:19Z,2026-08-24T10:45:38Z,,7.0,11.5,14.5,858,9.6,5.3,29,1.28,1.2,2.5
90,2026-08-24,food market,19,fire,Turkey Cream Goulash,Truten Rahmgulasch,meat,2026-08-24T10:45:38Z,2026-08-24T10:45:38Z,,8.5,12.5,15.5,549,6.0,4.4,16,0.83,1.8,1.2
93,2026-08-24,food market,19,fire,Viennese Cream Goulash,Wiener Rahmgulasch,meat,2026-08-24T06:17:19Z,2026-08-24T10:16:33Z,,8.5,12.5,15.5,549,6.0,4.4,16,0.83,1.8,1.2
1,2026-08-25,Mendokoro,16,Shi,Chicken Tonkatsu Bowl,Chicken Tonkatsu Bowl,meat,2026-08-25T06:12:50Z,2026-08-25T09:15:06Z,,13.8,15.8,18.8,733,5.8,3.8,29,1.06,6.1,0.5
2,2026-08-25,Mendokoro,16,San,Cold Moiroka Ramen,Cold Moiroka Ramen,vegetarian,2026-08-25T06:12:50Z,2026-08-25T09:15:06Z,,12.5,14.5,17.5,271,2.3,3.0,10,1.15,1.1,0.1
3,2026-08-25,Mendokoro,16,Ichi,Miso Ramen,Miso Ramen,vegetarian,2026-08-25T06:12:50Z,2026-08-25T09:15:06Z,,10.5,12.5,15.5,293,2.8,3.6,10,1.21,0.9,0.2
4,2026-08-25,Mendokoro,16,Ni,Shoyu Ramen,Shoyu Ramen,vegetarian,2026-08-25T06:12:50Z,2026-08-25T09:15:06Z,,10.5,12.5,15.5,308,2.9,3.7,11,1.30,0.8,0.2
5,2026-08-25,Mendokoro,16,Roku,Tori Ramen,Tori Ramen,meat,2026-08-25T06:12:50Z,2026-08-25T09:15:06Z,,13.8,15.8,18.8,318,5.0,3.5,9.5,1.18,0.8,0.2
33,2026-08-25,food market,19,green delight,Choose 5,Choose 5,unclassified,2026-08-25T06:12:50Z,2026-08-25T09:15:06Z,,9.9,13.9,16.9,0.0,0.0,0.0,0.0,0.00,0.0,0.0
50,2026-08-25,food market,19,grill,Khao Mok Gai,Khao Mok Gai,meat,2026-08-25T06:12:50Z,2026-08-25T09:15:06Z,,11.5,14.5,17.5,486,5.2,3.8,15,0.93,3.7,0.2
57,2026-08-25,food market,19,fire,Oriental Naan,Oriental Naan,meat,2026-08-25T06:12:50Z,2026-08-25T09:15:06Z,,8.5,12.5,15.5,457,4.0,3.7,14,0.76,3.5,1.1
63,2026-08-25,food market,19,pasta classica vegi,Penne with Gorgonzola,Penne al Gorgonzola,vegetarian,2026-08-25T06:12:50Z,2026-08-25T09:15:06Z,,7.0,11.5,14.5,983,7.3,11,26,0.39,1.0,6.5
64,2026-08-25,food market,19,pizza classica,Pizza Margherita,Pizza Margherita,vegetarian,2026-08-25T06:12:50Z,2026-08-25T09:15:06Z,,7.0,11.5,14.5,858,9.6,5.3,29,1.28,1.2,2.5
69,2026-08-25,food market,19,pasta della nonna,Rigatoni with Porcini Mushrooms,Rigatoni ai Funghi Porcini,vegan,2026-08-25T06:12:50Z,2026-08-25T09:15:06Z,,9.5,13.5,16.5,613,4.8,3.1,24,0.62,0.9,1.1
79,2026-08-25,food market,19,green daily,Sweet Potatoes Dream,Sweet Potatoes Dream,vegetarian,2026-08-25T06:12:50Z,2026-08-25T09:15:06Z,,7.0,11.5,14.5,465,3.2,5.9,13,0.73,3.3,1.5
1,2026-08-26,Mendokoro,16,Shi,Chicken Tonkatsu Bowl,Chicken Tonkatsu Bowl,meat,2026-08-26T03:22:56Z,2026-08-26T09:25:39Z,,13.8,15.8,18.8,733,5.8,3.8,29,1.06,6.1,0.5
2,2026-08-26,Mendokoro,16,San,Cold Moiroka Ramen,Cold Moiroka Ramen,vegetarian,2026-08-26T03:22:56Z,2026-08-26T09:25:39Z,,12.5,14.5,17.5,271,2.3,3.0,10,1.15,1.1,0.1
3,2026-08-26,Mendokoro,16,Ichi,Miso Ramen,Miso Ramen,vegetarian,2026-08-26T03:22:56Z,2026-08-26T09:25:39Z,,10.5,12.5,15.5,293,2.8,3.6,10,1.21,0.9,0.2
4,2026-08-26,Mendokoro,16,Ni,Shoyu Ramen,Shoyu Ramen,vegetarian,2026-08-26T03:22:56Z,2026-08-26T09:25:39Z,,10.5,12.5,15.5,308,2.9,3.7,11,1.30,0.8,0.2
5,2026-08-26,Mendokoro,16,Roku,Tori Ramen,Tori Ramen,meat,2026-08-26T03:22:56Z,2026-08-26T09:25:39Z,,13.8,15.8,18.8,318,5.0,3.5,9.5,1.18,0.8,0.2
19,2026-08-26,food market,19,green daily,Bowlicious,Bowlicious,vegan,2026-08-26T03:22:56Z,2026-08-26T09:25:39Z,,7.0,11.5,14.5,515,3.9,5.3,14,1.03,1.1,0.8
28,2026-08-26,food market,19,grill,Cheeseburger,Cheeseburger,meat,2026-08-26T03:22:56Z,2026-08-26T09:25:39Z,,11.5,14.5,17.5,837,7.6,10,18,1.25,2.6,2.9
33,2026-08-26,food market,19,green delight,Choose 5,Choose 5,unclassified,2026-08-26T03:22:56Z,2026-08-26T09:25:39Z,,9.9,13.9,16.9,0.0,0.0,0.0,0.0,0.00,0.0,0.0
60,2026-08-26,food market,19,pasta della nonna,Pasta Portofino,Pasta Portofino,unclassified,2026-08-26T03:22:56Z,2026-08-26T09:25:39Z,,9.5,13.5,16.5,428,3.4,3.2,14,0.47,1.0,0.5
64,2026-08-26,food market,19,pizza classica,Pizza Margherita,Pizza Margherita,vegetarian,2026-08-26T03:22:56Z,2026-08-26T09:25:39Z,,7.0,11.5,14.5,858,9.6,5.3,29,1.28,1.2,2.5
70,2026-08-26,food market,19,pasta classica,Rigatoni with Tomatoes and Artichokes,Rigatoni mit Tomaten und Artischocken,meat,2026-08-26T03:22:56Z,2026-08-26T09:25:39Z,,8.5,12.5,15.5,708,5.7,6.7,20,0.67,1.8,1.9
94,2026-08-26,food market,19,fire,Yellow Thai Curry,Gelbes Thai Curry,fish,2026-08-26T03:22:56Z,2026-08-26T09:25:39Z,,8.5,12.5,15.5,482,5.6,6.3,12,0.84,0.9,4.8
1,2026-08-27,Mendokoro,16,Shi,Chicken Tonkatsu Bowl,Chicken Tonkatsu Bowl,meat,2026-08-27T04:48:05Z,2026-08-27T10:40:42Z,,13.8,15.8,18.8,733,5.8,3.8,29,1.06,6.1,0.5
2,2026-08-27,Mendokoro,16,San,Cold Moiroka Ramen,Cold Moiroka Ramen,vegetarian,2026-08-27T04:48:05Z,2026-08-27T10:40:42Z,,12.5,14.5,17.5,271,2.3,3.0,10,1.15,1.1,0.1
3,2026-08-27,Mendokoro,16,Ichi,Miso Ramen,Miso Ramen,vegetarian,2026-08-27T04:48:05Z,2026-08-27T10:40:42Z,,10.5,12.5,15.5,293,2.8,3.6,10,1.21,0.9,0.2
4,2026-08-27,Mendokoro,16,Ni,Shoyu Ramen,Shoyu Ramen,vegetarian,2026-08-27T04:48:05Z,2026-08-27T10:40:42Z,,10.5,12.5,15.5,308,2.9,3.7,11,1.30,0.8,0.2
5,2026-08-27,Mendokoro,16,Roku,Tori Ramen,Tori Ramen,meat,2026-08-27T04:48:05Z,2026-08-27T10:40:42Z,,13.8,15.8,18.8,318,5.0,3.5,9.5,1.18,0.8,0.2
97,2026-08-27,food market,19,fire,Beef Meatballs,Rind Meatballs,meat,2026-08-27T04:48:05Z,2026-08-27T10:40:42Z,,8.5,12.5,15.5,546,6.9,4.8,14,0.78,1.2,2.1
101,2026-08-27,food market,19,pasta classica vegi,Broccoli - Pasta,Broccoli - Pasta,vegetarian,2026-08-27T10:40:42Z,2026-08-27T10:40:42Z,,7.0,11.5,14.5,547,4.7,5.0,16,0.54,2.1,1.6
33,2026-08-27,food market,19,green delight,Choose 5,Choose 5,unclassified,2026-08-27T04:48:05Z,2026-08-27T10:40:42Z,,9.9,13.9,16.9,0.0,0.0,0.0,0.0,0.00,0.0,0.0
98,2026-08-27,food market,19,green daily,Cottage Rösti Sunrise,Cottage Rösti Sunrise,vegetarian,2026-08-27T04:48:05Z,2026-08-27T10:40:42Z,,7.0,11.5,14.5,427,3.4,5.1,9.8,0.98,1.6,0.9
58,2026-08-27,food market,19,pasta della nonna,Pad Thai,Pad Thai,meat,2026-08-27T04:48:05Z,2026-08-27T10:40:42Z,,9.5,13.5,16.5,604,6.9,4.9,21,0.91,3.3,0.7
99,2026-08-27,food market,19,pasta classica vegi,Pasta and Broccoli Casserole,Pasta - Broccoli - Auflauf,vegetarian,2026-08-27T04:48:05Z,2026-08-27T04:48:05Z,,7.0,11.5,14.5,547,4.7,5.0,16,0.54,2.1,1.6
64,2026-08-27,food market,19,pizza classica,Pizza Margherita,Pizza Margherita,vegetarian,2026-08-27T04:48:05Z,2026-08-27T10:40:42Z,,7.0,11.5,14.5,858,9.6,5.3,29,1.28,1.2,2.5
100,2026-08-27,food market,19,grill,Shanti Chicken with Coconut,Shanti Chicken à la Coco,meat,2026-08-27T04:48:05Z,2026-08-27T10:40:42Z,,10.5,13.5,16.5,630,6.5,6.8,16,0.95,1.4,3.8
1,2026-08-28,Mendokoro,16,Shi,Chicken Tonkatsu Bowl,Chicken Tonkatsu Bowl,meat,2026-08-28T05:43:05Z,2026-08-28T12:40:13Z,,13.8,15.8,18.8,733,5.8,3.8,29,1.06,6.1,0.5
2,2026-08-28,Mendokoro,16,San,Cold Moiroka Ramen,Cold Moiroka Ramen,vegetarian,2026-08-28T05:43:05Z,2026-08-28T12:40:13Z,,12.5,14.5,17.5,271,2.3,3.0,10,1.15,1.1,0.1
3,2026-08-28,Mendokoro,16,Ichi,Miso Ramen,Miso Ramen,vegetarian,2026-08-28T05:43:05Z,2026-08-28T12:40:13Z,,10.5,12.5,15.5,293,2.8,3.6,10,1.21,0.9,0.2
4,2026-08-28,Mendokoro,16,Ni,Shoyu Ramen,Shoyu Ramen,vegetarian,2026-08-28T05:43:05Z,2026-08-28T12:40:13Z,,10.5,12.5,15.5,308,2.9,3.7,11,1.30,0.8,0.2
5,2026-08-28,Mendokoro,16,Roku,Tori Ramen,Tori Ramen,meat,2026-08-28T05:43:05Z,2026-08-28T12:40:13Z,,13.8,15.8,18.8,318,5.0,3.5,9.5,1.18,0.8,0.2
102,2026-08-28,food market,19,fire,Chicken Tikka Masala,Chicken Tikka Masala,meat,2026-08-28T05:43:05Z,2026-08-28T12:40:13Z,,8.5,12.5,15.5,504,5.7,3.5,16,0.74,1.7,0.9
33,2026-08-28,food market,19,green delight,Choose 5,Choose 5,unclassified,2026-08-28T05:43:05Z,2026-08-28T12:40:13Z,,9.9,13.9,16.9,0.0,0.0,0.0,0.0,0.00,0.0,0.0
103,2026-08-28,food market,19,pasta classica,Farfalle with Salmon,Farfalle al Salmone,fish,2026-08-28T05:43:05Z,2026-08-28T05:43:05Z,,8.5,12.5,15.5,507,5.1,3.7,16,0.41,1.8,1.2
45,2026-08-28,food market,19,pasta della nonna,Gnocchi with Tomato Sauce,Gnocchi Pomodoro,vegetarian,2026-08-28T05:43:05Z,2026-08-28T12:40:13Z,,9.5,13.5,16.5,615,3.0,6.5,18,0.84,1.8,0.8
104,2026-08-28,food market,19,grill,Homemade Pork Cordon Bleu,Hausgemachtes Schweins Cordon bleu,meat,2026-08-28T05:43:05Z,2026-08-28T12:40:13Z,,13.5,16.5,19.5,675,10,7.1,13,1.16,0.6,1.8
106,2026-08-28,food market,19,pasta classica,Pasta with Salmon,Pasta al Salmone,fish,2026-08-28T12:40:13Z,2026-08-28T12:40:13Z,,8.5,12.5,15.5,507,5.1,3.7,16,0.41,1.8,1.2
64,2026-08-28,food market,19,pizza classica,Pizza Margherita,Pizza Margherita,vegetarian,2026-08-28T05:43:05Z,2026-08-28T12:40:13Z,,7.0,11.5,14.5,858,9.6,5.3,29,1.28,1.2,2.5
105,2026-08-28,food market,19,green daily,Thai Laab,Thai Laab,vegan,2026-08-28T05:43:05Z,2026-08-28T12:40:13Z,,7.0,11.5,14.5,465,6.3,1.3,17,1.37,1.4,0.2
1,2026-08-31,Mendokoro,16,Shi,Chicken Tonkatsu Bowl,Chicken Tonkatsu Bowl,meat,2026-08-31T03:11:58Z,2026-08-31T11:18:35Z,,13.8,15.8,18.8,733,5.8,3.8,29,1.06,6.1,0.5
3,2026-08-31,Mendokoro,16,Ichi,Miso Ramen,Miso Ramen,vegetarian,2026-08-31T03:11:58Z,2026-08-31T11:18:35Z,,10.5,12.5,15.5,293,2.8,3.6,10,1.21,0.9,0.2
4,2026-08-31,Mendokoro,16,Ni,Shoyu Ramen,Shoyu Ramen,vegetarian,2026-08-31T03:11:58Z,2026-08-31T11:18:35Z,,10.5,12.5,15.5,308,2.9,3.7,11,1.30,0.8,0.2
107,2026-08-31,Mendokoro,16,San,Tantanmen Ramen,Tantanmen Ramen,vegetarian,2026-08-31T03:11:58Z,2026-08-31T11:18:35Z,,12.5,14.5,17.5,312,3.8,3.5,10,1.29,0.9,0.2
5,2026-08-31,Mendokoro,16,Roku,Tori Ramen,Tori Ramen,meat,2026-08-31T03:11:58Z,2026-08-31T11:18:35Z,,13.8,15.8,18.8,318,5.0,3.5,9.5,1.18,0.8,0.2
33,2026-08-31,food market,19,green delight,Choose 5,Choose 5,unclassified,2026-08-31T03:11:58Z,2026-08-31T11:18:35Z,,9.9,13.9,16.9,0.0,0.0,0.0,0.0,0.00,0.0,0.0
108,2026-08-31,food market,19,pasta della nonna,Farfalle with Buffalo Mozzarella,Farfalle al Bufala,unclassified,2026-08-31T03:11:58Z,2026-08-31T11:18:35Z,,9.5,13.5,16.5,705,6.2,5.0,24,0.72,2.0,1.4
114,2026-08-31,food market,19,green daily,Gnocchi Casserole,Gnocchi - Auflauf,vegetarian,2026-08-31T11:18:35Z,2026-08-31T11:18:35Z,,7.0,11.5,14.5,392,5.2,4.7,6.0,1.18,3.5,1.1
109,2026-08-31,food market,19,fire,Lucerne Pastry,Luzerner-Pastetli,meat,2026-08-31T03:11:58Z,2026-08-31T11:18:35Z,,8.5,12.5,15.5,634,5.7,7.1,19,0.84,0.9,3.0
110,2026-08-31,food market,19,green daily,Moussaka with Tahini Dip,Moussaka mit Tahini Dip,vegetarian,2026-08-31T03:11:58Z,2026-08-31T09:20:01Z,,7.0,11.5,14.5,392,5.2,4.7,6.0,1.18,3.5,1.1
111,2026-08-31,food market,19,grill,Olma Bratwurst,Olma Bratwurst,meat,2026-08-31T03:11:58Z,2026-08-31T11:18:35Z,,10.5,13.5,16.5,653,5.7,10,9.6,1.05,1.4,2.8
112,2026-08-31,food market,19,pizza mamma mia,"Pizza ""Dolce Far Niente""",Pizza dolce far niente,meat,2026-08-31T03:11:58Z,2026-08-31T11:18:35Z,,11.5,14.5,17.5,895,12,9.4,19,1.20,1.5,4.9
64,2026-08-31,food market,19,pizza classica,Pizza Margherita,Pizza Margherita,vegetarian,2026-08-31T03:11:58Z,2026-08-31T11:18:35Z,,7.0,11.5,14.5,833,10,6.2,25,1.16,1.2,3.1
113,2026-08-31,food market,19,pasta classica,Spaghetti & Spicy Meatballs,Spaghetti & Spicy Meatballs,meat,2026-08-31T03:11:58Z,2026-08-31T11:18:35Z,,8.5,12.5,15.5,619,6.1,7.0,15,0.65,2.0,1.9
1,2026-09-01,Mendokoro,16,Shi,Chicken Tonkatsu Bowl,Chicken Tonkatsu Bowl,meat,2026-09-01T03:11:58Z,2026-09-01T09:26:20Z,,13.8,15.8,18.8,733,5.8,3.8,29,1.06,6.1,0.5
3,2026-09-01,Mendokoro,16,Ichi,Miso Ramen,Miso Ramen,vegetarian,2026-09-01T03:11:58Z,2026-09-01T09:26:20Z,,10.5,12.5,15.5,293,2.8,3.6,10,1.21,0.9,0.2
4,2026-09-01,Mendokoro,16,Ni,Shoyu Ramen,Shoyu Ramen,vegetarian,2026-09-01T03:11:58Z,2026-09-01T09:26:20Z,,10.5,12.5,15.5,308,2.9,3.7,11,1.30,0.8,0.2
107,2026-09-01,Mendokoro,16,San,Tantanmen Ramen,Tantanmen Ramen,vegetarian,2026-09-01T03:11:58Z,2026-09-01T09:26:20Z,,12.5,14.5,17.5,312,3.8,3.5,10,1.29,0.9,0.2
5,2026-09-01,Mendokoro,16,Roku,Tori Ramen,Tori Ramen,meat,2026-09-01T03:11:58Z,2026-09-01T09:26:20Z,,13.8,15.8,18.8,318,5.0,3.5,9.5,1.18,0.8,0.2
115,2026-09-01,food market,19,grill,Chicken Fajita,Chicken Fajita,meat,2026-09-01T03:11:58Z,2026-09-01T09:26:20Z,,11.5,14.5,17.5,605,6.0,5.1,18,0.86,3.8,1.3
116,2026-09-01,food market,19,pizza mamma mia,Chinatown Pizza,Pizza Chinatown,meat,2026-09-01T03:11:58Z,2026-09-01T09:26:20Z,,11.5,14.5,17.5,781,11,6.2,21,1.14,1.3,2.7
33,2026-09-01,food market,19,green delight,Choose 5,Choose 5,unclassified,2026-09-01T03:11:58Z,2026-09-01T09:26:20Z,,9.9,13.9,16.9,0.0,0.0,0.0,0.0,0.00,0.0,0.0
34,2026-09-01,food market,19,pasta classica vegi,Chow Mein,Chow Mein,vegan,2026-09-01T03:11:58Z,2026-09-01T09:26:20Z,,7.0,11.5,14.5,633,4.3,1.9,28,2.40,14,0.3
117,2026-09-01,food market,19,green daily,Kisir: Anatolian Bulgur Salad with Köfte,Kisir Anatolischer Bulgursalat mit Köfte,vegetarian,2026-09-01T03:11:58Z,2026-09-01T09:26:20Z,,7.0,11.5,14.5,789,8.5,6.5,21,1.59,5.2,0.6
64,2026-09-01,food market,19,pizza classica,Pizza Margherita,Pizza Margherita,vegetarian,2026-09-01T03:11:58Z,2026-09-01T09:26:20Z,,7.0,11.5,14.5,833,10,6.2,25,1.16,1.2,3.1
118,2026-09-01,food market,19,fire,Taco Bowl,Taco Bowl,meat,2026-09-01T03:11:58Z,2026-09-01T09:26:20Z,,8.5,12.5,15.5,528,5.4,7.1,9.1,0.74,1.6,2.6
119,2026-09-01,food market,19,pasta della nonna,Wok-Fried Mandu,Wok Fried Mandu,vegan,2026-09-01T03:11:58Z,2026-09-01T09:26:20Z,,9.5,13.5,16.5,449,1.9,1.7,20,1.28,4.6,0.2
1,2026-09-02,Mendokoro,16,Shi,Chicken Tonkatsu Bowl,Chicken Tonkatsu Bowl,meat,2026-09-02T03:11:35Z,2026-09-02T09:24:02Z,,13.8,15.8,18.8,733,5.8,3.8,29,1.06,6.1,0.5
3,2026-09-02,Mendokoro,16,Ichi,Miso Ramen,Miso Ramen,vegetarian,2026-09-02T03:11:35Z,2026-09-02T09:24:02Z,,10.5,12.5,15.5,293,2.8,3.6,10,1.21,0.9,0.2
4,2026-09-02,Mendokoro,16,Ni,Shoyu Ramen,Shoyu Ramen,vegetarian,2026-09-02T03:11:35Z,2026-09-02T09:24:02Z,,10.5,12.5,15.5,308,2.9,3.7,11,1.30,0.8,0.2
107,2026-09-02,Mendokoro,16,San,Tantanmen Ramen,Tantanmen Ramen,vegetarian,2026-09-02T03:11:35Z,2026-09-02T09:24:02Z,,12.5,14.5,17.5,312,3.8,3.5,10,1.29,0.9,0.2
5,2026-09-02,Mendokoro,16,Roku,Tori Ramen,Tori Ramen,meat,2026-09-02T03:11:35Z,2026-09-02T09:24:02Z,,13.8,15.8,18.8,318,5.0,3.5,9.5,1.18,0.8,0.2
120,2026-09-02,food market,19,fire,Buffalo Chicken Wings,Buffalo Chicken Wings,meat,2026-09-02T03:11:35Z,2026-09-02T09:24:02Z,,8.5,12.5,15.5,779,11,11,9.9,1.16,1.6,3.6
33,2026-09-02,food market,19,green delight,Choose 5,Choose 5,unclassified,2026-09-02T03:11:35Z,2026-09-02T09:24:02Z,,9.9,13.9,16.9,0.0,0.0,0.0,0.0,0.00,0.0,0.0
121,2026-09-02,food market,19,grill,Cowboy Burger,Cowboy Burger,meat,2026-09-02T03:11:35Z,2026-09-02T09:24:02Z,,12.5,15.5,18.5,767,8.1,8.0,19,1.17,4.2,3.0
122,2026-09-02,food market,19,pasta classica,Giouvetsi,Giouvetsi,meat,2026-09-02T03:11:35Z,2026-09-02T09:24:02Z,,8.5,12.5,15.5,329,7.7,1.2,10,0.42,1.9,0.3
123,2026-09-02,food market,19,pizza mamma mia,Greek-Style Pizza,Pizza Greek Style,meat,2026-09-02T03:11:35Z,2026-09-02T09:24:02Z,,11.5,14.5,17.5,801,11,7.3,20,1.21,1.2,2.9
124,2026-09-02,food market,19,pasta della nonna,Pastizio,Pastizio,meat,2026-09-02T03:11:35Z,2026-09-02T09:24:02Z,,9.5,13.5,16.5,555,6.7,4.9,14,0.47,1.7,1.6
64,2026-09-02,food market,19,pizza classica,Pizza Margherita,Pizza Margherita,vegetarian,2026-09-02T03:11:35Z,2026-09-02T09:24:02Z,,7.0,11.5,14.5,833,10,6.2,25,1.16,1.2,3.1
105,2026-09-02,food market,19,green daily,Thai Laab,Thai Laab,vegan,2026-09-02T03:11:35Z,2026-09-02T09:24:02Z,,7.0,11.5,14.5,465,6.3,1.3,17,1.37,1.4,0.2
1,2026-09-03,Mendokoro,16,Shi,Chicken Tonkatsu Bowl,Chicken Tonkatsu Bowl,meat,2026-09-03T04:25:22Z,2026-09-03T09:25:22Z,,13.8,15.8,18.8,733,5.8,3.8,29,1.06,6.1,0.5
3,2026-09-03,Mendokoro,16,Ichi,Miso Ramen,Miso Ramen,vegetarian,2026-09-03T04:25:22Z,2026-09-03T09:25:22Z,,10.5,12.5,15.5,293,2.8,3.6,10,1.21,0.9,0.2
4,2026-09-03,Mendokoro,16,Ni,Shoyu Ramen,Shoyu Ramen,vegetarian,2026-09-03T04:25:22Z,2026-09-03T09:25:22Z,,10.5,12.5,15.5,308,2.9,3.7,11,1.30,0.8,0.2
107,2026-09-03,Mendokoro,16,San,Tantanmen Ramen,Tantanmen Ramen,vegetarian,2026-09-03T04:25:22Z,2026-09-03T09:25:22Z,,12.5,14.5,17.5,312,3.8,3.5,10,1.29,0.9,0.2
5,2026-09-03,Mendokoro,16,Roku,Tori Ramen,Tori Ramen,meat,2026-09-03T04:25:22Z,2026-09-03T09:25:22Z,,13.8,15.8,18.8,318,5.0,3.5,9.5,1.18,0.8,0.2
125,2026-09-03,food market,19,pasta classica vegi,Allgäu Cheese Spätzle with Fried Onions,Allgäuer Käsespätzle mit Röstzwiebeln,vegetarian,2026-09-03T04:25:22Z,2026-09-03T09:25:22Z,,7.0,11.5,14.5,792,5.7,10,19,1.09,1.4,4.4
126,2026-09-03,food market,19,pizza mamma mia,Alsatian-Style Flammkuchen,Flammkuchen nach Elsässer Art,meat,2026-09-03T04:25:22Z,2026-09-03T09:25:22Z,,11.5,14.5,17.5,996,7.2,14,21,0.92,1.4,7.2
33,2026-09-03,food market,19,green delight,Choose 5,Choose 5,unclassified,2026-09-03T04:25:22Z,2026-09-03T09:25:22Z,,9.9,13.9,16.9,0.0,0.0,0.0,0.0,0.00,0.0,0.0
127,2026-09-03,food market,19,fire,Coconut Curry,Coconut Curry,meat,2026-09-03T04:25:22Z,2026-09-03T09:25:22Z,,8.5,12.5,15.5,379,5.1,4.1,8.4,0.79,1.3,2.6
128,2026-09-03,food market,19,green daily,Patatas Bravas with Aioli,Patatas Bravas mit Aioli,vegetarian,2026-09-03T04:25:22Z,2026-09-03T09:25:22Z,,7.0,11.5,14.5,552,2.3,9.3,9.4,1.01,1.1,1.2
64,2026-09-03,food market,19,pizza classica,Pizza Margherita,Pizza Margherita,vegetarian,2026-09-03T04:25:22Z,2026-09-03T09:25:22Z,,7.0,11.5,14.5,833,10,6.2,25,1.16,1.2,3.1
129,2026-09-03,food market,19,grill,Poké Bowl,Poké Bowl,fish,2026-09-03T04:25:22Z,2026-09-03T09:25:22Z,,12.5,15.5,18.5,627,7.2,6.5,18,0.92,2.1,1.0
130,2026-09-03,food market,19,pasta della nonna,Ribbon Noodles with Bacon,Bandnudeln mit Speck,meat,2026-09-03T04:25:22Z,2026-09-03T09:25:22Z,,9.5,13.5,16.5,590,5.9,5.5,16,0.72,1.4,2.2
1,2026-09-04,Mendokoro,16,Shi,Chicken Tonkatsu Bowl,Chicken Tonkatsu Bowl,meat,2026-09-04T03:11:08Z,2026-09-04T09:22:41Z,,13.8,15.8,18.8,733,5.8,3.8,29,1.06,6.1,0.5
3,2026-09-04,Mendokoro,16,Ichi,Miso Ramen,Miso Ramen,vegetarian,2026-09-04T03:11:08Z,2026-09-04T09:22:41Z,,10.5,12.5,15.5,293,2.8,3.6,10,1.21,0.9,0.2
4,2026-09-04,Mendokoro,16,Ni,Shoyu Ramen,Shoyu Ramen,vegetarian,2026-09-04T03:11:08Z,2026-09-04T09:22:41Z,,10.5,12.5,15.5,308,2.9,3.7,11,1.30,0.8,0.2
107,2026-09-04,Mendokoro,16,San,Tantanmen Ramen,Tantanmen Ramen,vegetarian,2026-09-04T03:11:08Z,2026-09-04T09:22:41Z,,12.5,14.5,17.5,312,3.8,3.5,10,1.29,0.9,0.2
5,2026-09-04,Mendokoro,16,Roku,Tori Ramen,Tori Ramen,meat,2026-09-04T03:11:08Z,2026-09-04T09:22:41Z,,13.8,15.8,18.8,318,5.0,3.5,9.5,1.18,0.8,0.2
131,2026-09-04,food market,19,grill,Brik with Tuna and Potatoes,"Brik mit Thunfisch, Kartoffeln",fish,2026-09-04T03:11:08Z,2026-09-04T09:22:41Z,,11.5,14.5,17.5,415,6.3,4.0,8.7,0.53,1.2,1.3
33,2026-09-04,food market,19,green delight,Choose 5,Choose 5,unclassified,2026-09-04T03:11:08Z,2026-09-04T09:22:41Z,,9.9,13.9,16.9,0.0,0.0,0.0,0.0,0.00,0.0,0.0
132,2026-09-04,food market,19,pasta classica,Ground Meat with Horn-Shaped Noodles,G`hacktes mit Hörnli,meat,2026-09-04T03:11:08Z,2026-09-04T09:22:41Z,,8.5,12.5,15.5,474,5.0,2.5,16,0.30,2.8,0.8
133,2026-09-04,food market,19,green daily,Kyoto Bowl,Kyoto Bowl,vegetarian,2026-09-04T03:11:08Z,2026-09-04T09:22:41Z,,7.0,11.5,14.5,575,4.3,4.3,20,1.21,4.6,0.6
64,2026-09-04,food market,19,pizza classica,Pizza Margherita,Pizza Margherita,vegetarian,2026-09-04T03:11:08Z,2026-09-04T09:22:41Z,,7.0,11.5,14.5,833,10,6.2,25,1.16,1.2,3.1
134,2026-09-04,food market,19,pasta della nonna,Sennen Pasta,Sennen Pasta,meat,2026-09-04T03:11:08Z,2026-09-04T09:22:41Z,,9.5,13.5,16.5,705,9.1,5.9,19,0.71,1.4,2.0
135,2026-09-04,food market,19,fire,Shakshuka,Shakshuka,meat,2026-09-04T03:11:08Z,2026-09-04T09:22:41Z,,8.5,12.5,15.5,443,4.8,5.2,9.3,0.61,3.9,1.2
136,2026-09-07,FUSION meal,20,WORLD OF ASIA,Crispy Chicken ,Crispy Chicken ,meat,2026-09-07T03:11:42Z,2026-09-07T11:16:59Z,,10.5,12.9,14.5,,,,,,,
137,2026-09-07,FUSION meal,20,VEGAN,Crunchy Ciabatta Sandwich,Crunchy Ciabatta Sandwich,vegan,2026-09-07T03:11:42Z,2026-09-07T11:16:59Z,,8.9,12.9,16.9,,,,,,,
138,2026-09-07,FUSION meal,20,MEATWORKS,Ground Meat with Horn-Shaped Pasta,Gehacktes mit Hörnli,meat,2026-09-07T03:11:42Z,2026-09-07T11:16:59Z,,8.5,12.5,15.5,,,,,,,
139,2026-09-07,FUSION meal,20,GLOBETROTTER,Hot Buffet,Warmes Buffet,vegan,2026-09-07T03:11:42Z,2026-09-07T11:16:59Z,,2.5,2.9,3.4,,,,,,,
140,2026-09-07,FUSION meal,20,SOUL FOOD,Loaded Fries & Pulled Pork,Loaded Fries & Pulled Pork,meat,2026-09-07T03:11:42Z,2026-09-07T11:16:59Z,,10.5,13.5,16.5,,,,,,,
141,2026-09-07,FUSION meal,20,POWER KITCHEN,Protein Buffet,Protein Buffet,vegan,2026-09-07T03:11:42Z,2026-09-07T11:16:59Z,,2.5,2.9,3.4,,,,,,,
142,2026-09-07,FUSION meal,20,FRESH ISLAND,Salad Buffet,Salat Buffet,vegan,2026-09-07T03:11:42Z,2026-09-07T11:16:59Z,,2.5,2.9,3.4,,,,,,,
143,2026-09-07,FUSION meal,20,WORLD OF ASIA VEGGIE,Sweet Potato and Lentil Curry,Süsskartoffeln-Linsen Curry,vegetarian,2026-09-07T03:11:42Z,2026-09-07T11:16:59Z,,8.5,10.5,12.5,,,,,,,
144,2026-09-07,FUSION meal,20,VEGGIE,Vegetable Cutlets ,Gemüseschnitzel ,vegetarian,2026-09-07T03:11:42Z,2026-09-07T11:16:59Z,,7.0,11.5,14.5,,,,,,,
1,2026-09-07,Mendokoro,16,Shi,Chicken Tonkatsu Bowl,Chicken Tonkatsu Bowl,meat,2026-09-07T03:11:42Z,2026-09-07T11:16:59Z,,13.8,15.8,18.8,733,5.8,3.8,29,1.06,6.1,0.5
3,2026-09-07,Mendokoro,16,Ichi,Miso Ramen,Miso Ramen,vegetarian,2026-09-07T03:11:42Z,2026-09-07T11:16:59Z,,10.5,12.5,15.5,293,2.8,3.6,10,1.22,0.9,0.2
4,2026-09-07,Mendokoro,16,Ni,Shoyu Ramen,Shoyu Ramen,vegetarian,2026-09-07T03:11:42Z,2026-09-07T11:16:59Z,,10.5,12.5,15.5,308,2.9,3.7,11,1.30,0.8,0.2
107,2026-09-07,Mendokoro,16,San,Tantanmen Ramen,Tantanmen Ramen,vegetarian,2026-09-07T03:11:42Z,2026-09-07T11:16:59Z,,12.5,14.5,17.5,312,3.8,3.5,10,1.29,0.9,0.2
5,2026-09-07,Mendokoro,16,Roku,Tori Ramen,Tori Ramen,meat,2026-09-07T03:11:42Z,2026-09-07T11:16:59Z,,13.8,15.8,18.8,302,4.9,3.3,9.7,1.18,0.8,0.2
145,2026-09-07,food market,19,pasta della nonna,Chicken Satay,Poulet Satay,meat,2026-09-07T03:11:42Z,2026-09-07T11:16:59Z,,9.5,13.5,16.5,520,5.8,4.3,15,1.90,2.2,1.0
33,2026-09-07,food market,19,green delight,Choose 5,Choose 5,vegan,2026-09-07T03:11:42Z,2026-09-07T11:16:59Z,,9.9,13.9,16.9,201,2.9,2.3,2.3,0.00,2.2,0.2
146,2026-09-07,food market,19,green daily,Dal Makhani,Dal Makhani,vegan,2026-09-07T03:11:42Z,2026-09-07T11:16:59Z,,7.0,11.5,14.5,503,3.7,2.6,20,0.53,1.2,1.3
147,2026-09-07,food market,19,grill,Scavenger Hunt,Schnitzeljagd,meat,2026-09-07T03:11:42Z,2026-09-07T11:16:59Z,,12.5,15.5,18.5,697,7.2,9.9,13,0.78,1.6,1.8
148,2026-09-07,food market,19,pasta classica vegi,Spaghetti all’Arrabbiata,Spaghetti all’Arrabbiata,vegan,2026-09-07T03:11:42Z,2026-09-07T11:16:59Z,,7.0,11.5,14.5,463,3.1,2.8,17,0.54,1.9,0.6
149,2026-09-07,food market,19,fire,Spicy Meatballs,Spicy Meatballs,meat,2026-09-07T03:11:42Z,2026-09-07T11:16:59Z,,8.5,12.5,15.5,441,5.8,6.1,6.4,0.95,1.3,2.4
150,2026-09-08,FUSION meal,20,WORLD OF ASIA VEGGIE,Bibimbap with a Fried Egg,Bibimbap mit Spiegelei,vegetarian,2026-09-08T03:10:40Z,2026-09-08T11:26:35Z,,8.5,10.5,12.5,,,,,,,
151,2026-09-08,FUSION meal,20,VEGAN,Exotic Bowl & Crispy Tofu,Exotic Bowl & Crispy Tofu,vegan,2026-09-08T03:10:40Z,2026-09-08T11:26:35Z,,8.9,12.9,16.9,,,,,,,
139,2026-09-08,FUSION meal,20,GLOBETROTTER,Hot Buffet,Warmes Buffet,vegan,2026-09-08T03:10:40Z,2026-09-08T11:26:35Z,,2.5,2.9,3.4,,,,,,,
152,2026-09-08,FUSION meal,20,WORLD OF ASIA,Lamb Vindaloo,Lamm Vindaloo,meat,2026-09-08T03:10:40Z,2026-09-08T11:26:35Z,,10.5,12.9,14.5,,,,,,,
153,2026-09-08,FUSION meal,20,SOUL FOOD,Mexican Beef Burger,Mexican Beefburger,meat,2026-09-08T03:10:40Z,2026-09-08T11:26:35Z,,11.5,14.5,17.5,,,,,,,
141,2026-09-08,FUSION meal,20,POWER KITCHEN,Protein Buffet,Protein Buffet,vegan,2026-09-08T03:10:40Z,2026-09-08T11:26:35Z,,2.5,2.9,3.4,,,,,,,
142,2026-09-08,FUSION meal,20,FRESH ISLAND,Salad Buffet,Salat Buffet,vegan,2026-09-08T03:10:40Z,2026-09-08T11:26:35Z,,2.5,2.9,3.4,,,,,,,
154,2026-09-08,FUSION meal,20,MEATWORKS,Turkey Paillard with Chimichurri,Truten-Paillard mit Chimichurri,meat,2026-09-08T03:10:40Z,2026-09-08T11:26:35Z,,8.5,12.5,15.5,,,,,,,
155,2026-09-08,FUSION meal,20,VEGGIE,White Wine Risotto,Weisswein-Risotto,vegetarian,2026-09-08T03:10:40Z,2026-09-08T11:26:35Z,,7.0,11.5,14.5,,,,,,,
1,2026-09-08,Mendokoro,16,Shi,Chicken Tonkatsu Bowl,Chicken Tonkatsu Bowl,meat,2026-09-08T03:10:40Z,2026-09-08T11:26:35Z,,13.8,15.8,18.8,733,5.8,3.8,29,1.06,6.1,0.5
3,2026-09-08,Mendokoro,16,Ichi,Miso Ramen,Miso Ramen,vegetarian,2026-09-08T03:10:40Z,2026-09-08T11:26:35Z,,10.5,12.5,15.5,293,2.8,3.6,10,1.22,0.9,0.2
4,2026-09-08,Mendokoro,16,Ni,Shoyu Ramen,Shoyu Ramen,vegetarian,2026-09-08T03:10:40Z,2026-09-08T11:26:35Z,,10.5,12.5,15.5,308,2.9,3.7,11,1.30,0.8,0.2
107,2026-09-08,Mendokoro,16,San,Tantanmen Ramen,Tantanmen Ramen,vegetarian,2026-09-08T03:10:40Z,2026-09-08T11:26:35Z,,12.5,14.5,17.5,312,3.8,3.5,10,1.29,0.9,0.2
5,2026-09-08,Mendokoro,16,Roku,Tori Ramen,Tori Ramen,meat,2026-09-08T03:10:40Z,2026-09-08T11:26:35Z,,13.8,15.8,18.8,302,4.9,3.3,9.7,1.18,0.8,0.2
33,2026-09-08,food market,19,green delight,Choose 5,Choose 5,vegan,2026-09-08T03:10:40Z,2026-09-08T11:26:35Z,,9.9,13.9,16.9,280,2.9,4.6,2.3,0.00,2.2,0.4
156,2026-09-08,food market,19,pasta della nonna,Gnocchi with Butter and Sage,Gnocchi al Burro e Salvia,vegetarian,2026-09-08T03:10:40Z,2026-09-08T11:26:35Z,,9.5,13.5,16.5,972,4.5,14,21,0.81,1.3,1.8
132,2026-09-08,food market,19,pasta classica,Ground Meat with Horn-Shaped Noodles,G`hacktes mit Hörnli,meat,2026-09-08T03:10:40Z,2026-09-08T11:26:35Z,,8.5,12.5,15.5,484,5.3,2.7,16,0.31,2.8,0.9
157,2026-09-08,food market,19,grill,Pad Kra Pao,Pad Kra Pao,meat,2026-09-08T03:10:40Z,2026-09-08T09:23:01Z,,10.5,13.5,16.5,512,6.8,2.7,17,2.26,1.7,0.8
160,2026-09-08,food market,19,grill,Pad Krapao Nüa,Pad Krapao Nüa,meat,2026-09-08T11:26:35Z,2026-09-08T11:26:35Z,,10.5,13.5,16.5,512,6.8,2.7,17,2.26,1.7,0.8
158,2026-09-08,food market,19,fire,Pork Loin,Schweins Nierstück,meat,2026-09-08T03:10:40Z,2026-09-08T11:26:35Z,,8.5,12.5,15.5,473,8.3,2.8,13,0.56,1.5,1.0
159,2026-09-08,food market,19,green daily,Sloppy Joe,Sloppy Joe,vegan,2026-09-08T03:10:40Z,2026-09-08T11:26:35Z,,7.0,11.5,14.5,422,4.0,1.9,16,0.37,1.8,0.4
161,2026-09-09,FUSION meal,20,WORLD OF ASIA,Beef Stir-Fry,Beef Stir Fry,meat,2026-09-09T03:10:47Z,2026-09-09T11:37:48Z,,10.5,12.9,14.5,,,,,,,
162,2026-09-09,FUSION meal,20,SOUL FOOD,Corn-fed chicken breast,Maispoulardenbrust,meat,2026-09-09T03:10:47Z,2026-09-09T11:37:48Z,,11.5,14.5,17.5,,,,,,,
163,2026-09-09,FUSION meal,20,VEGAN,Falafel Burger,Falafel Burger,vegan,2026-09-09T03:10:47Z,2026-09-09T11:37:48Z,,8.9,12.9,16.9,,,,,,,
139,2026-09-09,FUSION meal,20,GLOBETROTTER,Hot Buffet,Warmes Buffet,vegan,2026-09-09T03:10:47Z,2026-09-09T11:37:48Z,,2.5,2.9,3.4,,,,,,,
164,2026-09-09,FUSION meal,20,WORLD OF ASIA VEGGIE,Matter Paneer,Matter Paneer,vegetarian,2026-09-09T03:10:47Z,2026-09-09T11:37:48Z,,8.5,10.5,12.5,,,,,,,
165,2026-09-09,FUSION meal,20,MEATWORKS,Pork Western Steak,Schweins-Westernsteak,meat,2026-09-09T03:10:47Z,2026-09-09T11:37:48Z,,8.5,12.5,15.5,,,,,,,
141,2026-09-09,FUSION meal,20,POWER KITCHEN,Protein Buffet,Protein Buffet,vegan,2026-09-09T03:10:47Z,2026-09-09T11:37:48Z,,2.5,2.9,3.4,,,,,,,
166,2026-09-09,FUSION meal,20,VEGGIE,Raviolini with Vegetables,Raviolini alla Verdura,vegetarian,2026-09-09T03:10:47Z,2026-09-09T11:37:48Z,,7.0,11.5,14.5,,,,,,,
142,2026-09-09,FUSION meal,20,FRESH ISLAND,Salad Buffet,Salat Buffet,vegan,2026-09-09T03:10:47Z,2026-09-09T11:37:48Z,,2.5,2.9,3.4,,,,,,,
1,2026-09-09,Mendokoro,16,Shi,Chicken Tonkatsu Bowl,Chicken Tonkatsu Bowl,meat,2026-09-09T03:10:47Z,2026-09-09T11:37:48Z,,13.8,15.8,18.8,733,5.8,3.8,29,1.06,6.1,0.5
3,2026-09-09,Mendokoro,16,Ichi,Miso Ramen,Miso Ramen,vegetarian,2026-09-09T03:10:47Z,2026-09-09T11:37:48Z,,10.5,12.5,15.5,293,2.8,3.6,10,1.22,0.9,0.2
4,2026-09-09,Mendokoro,16,Ni,Shoyu Ramen,Shoyu Ramen,vegetarian,2026-09-09T03:10:47Z,2026-09-09T11:37:48Z,,10.5,12.5,15.5,308,2.9,3.7,11,1.30,0.8,0.2
107,2026-09-09,Mendokoro,16,San,Tantanmen Ramen,Tantanmen Ramen,vegetarian,2026-09-09T03:10:47Z,2026-09-09T11:37:48Z,,12.5,14.5,17.5,312,3.8,3.5,10,1.29,0.9,0.2
5,2026-09-09,Mendokoro,16,Roku,Tori Ramen,Tori Ramen,meat,2026-09-09T03:10:47Z,2026-09-09T11:37:48Z,,13.8,15.8,18.8,302,4.9,3.3,9.7,1.18,0.8,0.2
33,2026-09-09,food market,19,green delight,Choose 5,Choose 5,vegan,2026-09-09T03:10:47Z,2026-09-09T11:37:48Z,,9.9,13.9,16.9,188,2.9,2.1,2.3,1.78,2.2,0.2
167,2026-09-09,food market,19,fire,Kung Pao Turkey,Truthahn Kung Pao,meat,2026-09-09T03:10:47Z,2026-09-09T11:37:48Z,,8.5,12.5,15.5,525,5.2,3.7,17,0.85,1.1,0.8
168,2026-09-09,food market,19,pasta della nonna,"Pasta with Braised Beef, Genoese Style",Pasta con Brasato alla Genovese,meat,2026-09-09T03:10:47Z,2026-09-09T11:37:48Z,,9.5,13.5,16.5,584,6.6,4.9,17,0.63,0.7,1.0
169,2026-09-09,food market,19,grill,Spicy Beef Burger,Spicy Beef Burger,meat,2026-09-09T03:10:47Z,2026-09-09T08:26:53Z,2026-09-09T11:37:48Z,11.5,14.5,17.5,810,8.2,9.4,18,1.30,1.6,3.2
170,2026-09-09,food market,19,green daily,Stuffed Eggplant,Gefüllte Aubergine,vegan,2026-09-09T03:10:47Z,2026-09-09T11:37:48Z,,7.0,11.5,14.5,359,3.3,1.9,12,0.59,1.0,0.4
171,2026-09-09,food market,19,pasta classica vegi,Tagliatelle with Gorgonzola and Walnuts,Tagliatelle al Gorgonzola e Noci,unclassified,2026-09-09T03:10:47Z,2026-09-09T11:37:48Z,,7.0,11.5,14.5,773,6.2,11,14,0.24,2.0,4.9
172,2026-09-10,FUSION meal,20,SOUL FOOD,Big Mountain Schnitzel,Big Mountain Schnitzel,meat,2026-09-10T03:10:33Z,2026-09-10T09:22:18Z,,12.5,15.5,18.5,,,,,,,
173,2026-09-10,FUSION meal,20,WORLD OF ASIA VEGGIE,Fried Noodles & Samosa,Fried Noodles & Samosa,vegetarian,2026-09-10T03:10:33Z,2026-09-10T09:22:18Z,,8.5,10.5,12.5,,,,,,,
139,2026-09-10,FUSION meal,20,GLOBETROTTER,Hot Buffet,Warmes Buffet,vegan,2026-09-10T03:10:33Z,2026-09-10T09:22:18Z,,2.5,2.9,3.4,,,,,,,
141,2026-09-10,FUSION meal,20,POWER KITCHEN,Protein Buffet,Protein Buffet,vegan,2026-09-10T03:10:33Z,2026-09-10T09:22:18Z,,2.5,2.9,3.4,,,,,,,
174,2026-09-10,FUSION meal,20,WORLD OF ASIA,Red Thai Pork,Red Thai Pork,meat,2026-09-10T03:10:33Z,2026-09-10T09:22:18Z,,10.5,12.9,14.5,,,,,,,
175,2026-09-10,FUSION meal,20,VEGGIE,Rösti & Fried Egg,Rösti & Spiegelei,vegetarian,2026-09-10T03:10:33Z,2026-09-10T09:22:18Z,,7.0,11.5,14.5,,,,,,,
142,2026-09-10,FUSION meal,20,FRESH ISLAND,Salad Buffet,Salat Buffet,vegan,2026-09-10T03:10:33Z,2026-09-10T09:22:18Z,,2.5,2.9,3.4,,,,,,,
176,2026-09-10,FUSION meal,20,VEGAN,Seitan Stroganoff,Seitan Stroganoff,vegan,2026-09-10T03:10:33Z,2026-09-10T09:22:18Z,,8.9,12.9,16.9,,,,,,,
177,2026-09-10,FUSION meal,20,MEATWORKS,Viennese-Style Chicken Stew,Poulet-Voressen Wiener Art,meat,2026-09-10T03:10:33Z,2026-09-10T09:22:18Z,,8.5,12.5,15.5,,,,,,,
1,2026-09-10,Mendokoro,16,Shi,Chicken Tonkatsu Bowl,Chicken Tonkatsu Bowl,meat,2026-09-10T03:10:33Z,2026-09-10T09:22:18Z,,13.8,15.8,18.8,733,5.8,3.8,29,1.06,6.1,0.5
3,2026-09-10,Mendokoro,16,Ichi,Miso Ramen,Miso Ramen,vegetarian,2026-09-10T03:10:33Z,2026-09-10T09:22:18Z,,10.5,12.5,15.5,293,2.8,3.6,10,1.22,0.9,0.2
4,2026-09-10,Mendokoro,16,Ni,Shoyu Ramen,Shoyu Ramen,vegetarian,2026-09-10T03:10:33Z,2026-09-10T09:22:18Z,,10.5,12.5,15.5,308,2.9,3.7,11,1.30,0.8,0.2
107,2026-09-10,Mendokoro,16,San,Tantanmen Ramen,Tantanmen Ramen,vegetarian,2026-09-10T03:10:33Z,2026-09-10T09:22:18Z,,12.5,14.5,17.5,312,3.8,3.5,10,1.29,0.9,0.2
5,2026-09-10,Mendokoro,16,Roku,Tori Ramen,Tori Ramen,meat,2026-09-10T03:10:33Z,2026-09-10T09:22:18Z,,13.8,15.8,18.8,302,4.9,3.3,9.7,1.18,0.8,0.2
178,2026-09-10,food market,19,grill,Butter Chicken,Butter Chicken,meat,2026-09-10T03:10:33Z,2026-09-10T09:22:18Z,,10.5,13.5,16.5,461,5.3,2.8,15,0.85,1.8,0.5
33,2026-09-10,food market,19,green delight,Choose 5,Choose 5,vegan,2026-09-10T03:10:33Z,2026-09-10T09:22:18Z,,9.9,13.9,16.9,224,2.9,3.0,2.3,0.00,2.2,0.3
179,2026-09-10,food market,19,pasta della nonna,Hong Kong Rice from the Wok,Hong Kong Rice aus dem Wok,meat,2026-09-10T03:10:33Z,2026-09-10T09:22:18Z,,9.5,13.5,16.5,505,4.5,4.3,15,1.12,2.1,0.6
180,2026-09-10,food market,19,pasta classica,Pasta with Tomatoes and Prosciutto,Pasta al Pomodoro e Prosciutto,meat,2026-09-10T03:10:33Z,2026-09-10T09:22:18Z,,8.5,12.5,15.5,538,6.6,4.6,15,0.61,1.9,2.1
181,2026-09-10,food market,19,green daily,Spring Rolls with Vegetables,Frühlingsrollen mit Gemüse,vegan,2026-09-10T03:10:33Z,2026-09-10T09:22:18Z,,7.0,11.5,14.5,479,1.9,2.8,20,1.25,7.2,0.4
182,2026-09-10,food market,19,fire,Veal Sausage,Kalbsbratwurst,meat,2026-09-10T03:10:33Z,2026-09-10T09:22:18Z,,8.5,12.5,15.5,607,4.4,10,8.1,1.04,1.1,2.7
183,2026-09-11,FUSION meal,20,WORLD OF ASIA VEGGIE, Chana Masala, Chana Masala,vegetarian,2026-09-11T03:10:49Z,2026-09-11T09:21:49Z,,8.5,10.5,12.5,,,,,,,
184,2026-09-11,FUSION meal,20,MEATWORKS,Ground Beef Steak with Pepper Sauce,Rindshacksteak mit Pfeffersauce,meat,2026-09-11T03:10:49Z,2026-09-11T09:21:49Z,,8.5,12.5,15.5,,,,,,,
139,2026-09-11,FUSION meal,20,GLOBETROTTER,Hot Buffet,Warmes Buffet,vegan,2026-09-11T03:10:49Z,2026-09-11T09:21:49Z,,2.5,2.9,3.4,,,,,,,
141,2026-09-11,FUSION meal,20,POWER KITCHEN,Protein Buffet,Protein Buffet,vegan,2026-09-11T03:10:49Z,2026-09-11T09:21:49Z,,2.5,2.9,3.4,,,,,,,
142,2026-09-11,FUSION meal,20,FRESH ISLAND,Salad Buffet,Salat Buffet,vegan,2026-09-11T03:10:49Z,2026-09-11T09:21:49Z,,2.5,2.9,3.4,,,,,,,
185,2026-09-11,FUSION meal,20,WORLD OF ASIA,Turkey Pad Thai,Truten Pad Thai,meat,2026-09-11T03:10:49Z,2026-09-11T09:21:49Z,,10.5,12.9,14.5,,,,,,,
186,2026-09-11,FUSION meal,20,VEGGIE,Vegetable Skewer,Gemüse-Spiess,vegetarian,2026-09-11T03:10:49Z,2026-09-11T09:21:49Z,,7.0,11.5,14.5,,,,,,,
1,2026-09-11,Mendokoro,16,Shi,Chicken Tonkatsu Bowl,Chicken Tonkatsu Bowl,meat,2026-09-11T03:10:49Z,2026-09-11T09:21:49Z,,13.8,15.8,18.8,733,5.8,3.8,29,1.06,6.1,0.5
3,2026-09-11,Mendokoro,16,Ichi,Miso Ramen,Miso Ramen,vegetarian,2026-09-11T03:10:49Z,2026-09-11T09:21:49Z,,10.5,12.5,15.5,293,2.8,3.6,10,1.22,0.9,0.2
4,2026-09-11,Mendokoro,16,Ni,Shoyu Ramen,Shoyu Ramen,vegetarian,2026-09-11T03:10:49Z,2026-09-11T09:21:49Z,,10.5,12.5,15.5,308,2.9,3.7,11,1.30,0.8,0.2
107,2026-09-11,Mendokoro,16,San,Tantanmen Ramen,Tantanmen Ramen,vegetarian,2026-09-11T03:10:49Z,2026-09-11T09:21:49Z,,12.5,14.5,17.5,312,3.8,3.5,10,1.29,0.9,0.2
5,2026-09-11,Mendokoro,16,Roku,Tori Ramen,Tori Ramen,meat,2026-09-11T03:10:49Z,2026-09-11T09:21:49Z,,13.8,15.8,18.8,302,4.9,3.3,9.7,1.18,0.8,0.2
187,2026-09-11,food market,19,pasta classica vegi,Alpine Penne,Älpler Penne,vegan,2026-09-11T03:10:49Z,2026-09-11T09:21:49Z,,7.0,11.5,14.5,567,3.8,3.7,20,0.62,4.2,1.3
188,2026-09-11,food market,19,pasta della nonna,Cappelletti Cinque P,Cappelletti Cinque P,vegetarian,2026-09-11T03:10:49Z,2026-09-11T09:21:49Z,,9.5,13.5,16.5,689,6.7,6.4,19,1.17,2.2,2.2
33,2026-09-11,food market,19,green delight,Choose 5,Choose 5,vegan,2026-09-11T03:10:49Z,2026-09-11T09:21:49Z,,9.9,13.9,16.9,215,2.9,2.8,2.3,0.00,2.2,0.3
189,2026-09-11,food market,19,green daily,Greek Moussaka,Griechische Moussaka,vegetarian,2026-09-11T03:10:49Z,2026-09-11T09:21:49Z,,7.0,11.5,14.5,361,2.9,4.3,8.1,1.03,2.2,0.9
190,2026-09-11,food market,19,grill,Gyros in Town,Gyros in Town,meat,2026-09-11T03:10:49Z,2026-09-11T09:21:49Z,,11.5,14.5,17.5,668,7.3,6.5,17,0.71,1.4,0.5
191,2026-09-11,food market,19,fire,Zurich-Style Chicken Stir-Fry,Pouletgeschnetzeltes Zürcher Art,meat,2026-09-11T03:10:49Z,2026-09-11T09:21:49Z,,8.5,12.5,15.5,536,6.7,4.5,14,0.65,1.8,1.1
192,2026-09-14,FUSION meal,20,WORLD OF ASIA VEGGIE,Aloo Gobi,Aloo Gobi,vegetarian,2026-09-14T03:12:08Z,2026-09-14T09:27:32Z,,8.5,10.5,12.5,,,,,,,
193,2026-09-14,FUSION meal,20,WORLD OF ASIA,Beef Bulgogi,Beef Bulgogi,meat,2026-09-14T03:12:08Z,2026-09-14T09:27:32Z,,10.5,12.9,14.5,,,,,,,
194,2026-09-14,FUSION meal,20,MEATWORKS,Chicken Nuggets,Chicken Nuggets,meat,2026-09-14T03:12:08Z,2026-09-14T09:27:32Z,,8.5,12.5,15.5,,,,,,,
139,2026-09-14,FUSION meal,20,GLOBETROTTER,Hot Buffet,Warmes Buffet,vegetarian,2026-09-14T03:12:08Z,2026-09-14T09:27:32Z,,2.5,2.9,3.4,,,,,,,
195,2026-09-14,FUSION meal,20,VEGAN,Loaded Baked Potatoes,Loaded Baked Potatoes,vegan,2026-09-14T03:12:08Z,2026-09-14T09:27:32Z,,8.9,12.9,16.9,,,,,,,
141,2026-09-14,FUSION meal,20,POWER KITCHEN,Protein Buffet,Protein Buffet,vegan,2026-09-14T03:12:08Z,2026-09-14T09:27:32Z,,2.5,2.9,3.4,,,,,,,
196,2026-09-14,FUSION meal,20,SOUL FOOD,Pulled Pork,Pulled Pork,meat,2026-09-14T03:12:08Z,2026-09-14T09:27:32Z,,10.5,13.5,16.5,,,,,,,
142,2026-09-14,FUSION meal,20,FRESH ISLAND,Salad Buffet,Salat Buffet,vegan,2026-09-14T03:12:08Z,2026-09-14T09:27:32Z,,2.5,2.9,3.4,,,,,,,
197,2026-09-14,FUSION meal,20,VEGGIE,Spaghetti with Lentil Bolognese ,Spaghetti mit Linsen-Bolognese ,vegetarian,2026-09-14T03:12:08Z,2026-09-14T09:27:32Z,,7.0,11.5,14.5,,,,,,,
1,2026-09-14,Mendokoro,16,Shi,Chicken Tonkatsu Bowl,Chicken Tonkatsu Bowl,meat,2026-09-14T03:12:08Z,2026-09-14T09:27:32Z,,13.8,15.8,18.8,733,5.8,3.8,29,1.06,6.1,0.5
3,2026-09-14,Mendokoro,16,Ichi,Miso Ramen,Miso Ramen,vegetarian,2026-09-14T03:12:08Z,2026-09-14T09:27:32Z,,10.5,12.5,15.5,293,2.8,3.6,10,1.22,0.9,0.2
4,2026-09-14,Mendokoro,16,Ni,Shoyu Ramen,Shoyu Ramen,vegetarian,2026-09-14T03:12:08Z,2026-09-14T09:27:32Z,,10.5,12.5,15.5,308,2.9,3.7,11,1.30,0.8,0.2
107,2026-09-14,Mendokoro,16,San,Tantanmen Ramen,Tantanmen Ramen,vegetarian,2026-09-14T03:12:08Z,2026-09-14T09:27:32Z,,12.5,14.5,17.5,312,3.8,3.5,10,1.29,0.9,0.2
5,2026-09-14,Mendokoro,16,Roku,Tori Ramen,Tori Ramen,meat,2026-09-14T03:12:08Z,2026-09-14T09:27:32Z,,13.8,15.8,18.8,302,4.9,3.3,9.7,1.18,0.8,0.2
126,2026-09-14,food market,19,pizza mamma mia,Alsatian-Style Flammkuchen,Flammkuchen nach Elsässer Art,meat,2026-09-14T03:12:08Z,2026-09-14T09:27:32Z,,11.5,14.5,17.5,996,7.2,14,21,0.92,1.4,7.2
198,2026-09-14,food market,19,fire,Chili con carne,Chili con carne,meat,2026-09-14T03:12:08Z,2026-09-14T09:27:32Z,,8.5,12.5,15.5,672,6.0,5.5,21,0.64,1.0,2.3
33,2026-09-14,food market,19,green delight,Choose 5,Choose 5,unclassified,2026-09-14T03:12:08Z,2026-09-14T09:27:32Z,,9.9,13.9,16.9,0.0,0.0,0.0,0.0,0.00,0.0,0.0
199,2026-09-14,food market,19,grill,Fish 'n' Chips,Fish`n`Chips,fish,2026-09-14T03:12:08Z,2026-09-14T09:27:32Z,,11.5,14.5,17.5,727,5.5,11,13,1.51,1.1,1.4
200,2026-09-14,food market,19,pasta classica vegi,Gemelli with Pesto,Gemelli al Pesto,unclassified,2026-09-14T03:12:08Z,2026-09-14T09:27:32Z,,7.0,11.5,14.5,683,6.6,6.1,20,0.44,0.9,1.6
64,2026-09-14,food market,19,pizza classica,Pizza Margherita,Pizza Margherita,vegetarian,2026-09-14T03:12:08Z,2026-09-14T09:27:32Z,,7.0,11.5,14.5,859,9.6,5.3,29,1.28,1.2,2.5
201,2026-09-14,food market,19,green daily,Seitan Stroganoff,Seitan Stroganoff,vegan,2026-09-14T03:12:08Z,2026-09-14T09:27:32Z,,7.0,11.5,14.5,467,5.7,2.5,16,0.49,1.0,0.7
202,2026-09-14,food market,19,pasta della nonna,Udon Tempura Bowl,Udon Tempura Bowl,vegan,2026-09-14T03:12:08Z,2026-09-14T09:27:32Z,,9.5,13.5,16.5,505,3.3,4.0,17,1.95,1.4,1.0
203,2026-09-15,FUSION meal,20,MEATWORKS,Beef Ragout with Gremolata,Rindsragout Gremolata,meat,2026-09-15T03:11:11Z,2026-09-15T11:17:53Z,,8.5,12.5,15.5,,,,,,,
204,2026-09-15,FUSION meal,20,VEGGIE,Cheese Spätzli,Käse-Spätzli,vegetarian,2026-09-15T03:11:11Z,2026-09-15T11:17:53Z,,7.0,11.5,14.5,,,,,,,
205,2026-09-15,FUSION meal,20,VEGAN,Crispy Celery Cutlets,Sellerie-Knusperschnitzel,vegan,2026-09-15T03:11:11Z,2026-09-15T11:17:53Z,,8.9,12.9,16.9,,,,,,,
139,2026-09-15,FUSION meal,20,GLOBETROTTER,Hot Buffet,Warmes Buffet,vegetarian,2026-09-15T03:11:11Z,2026-09-15T11:17:53Z,,2.5,2.9,3.4,,,,,,,
141,2026-09-15,FUSION meal,20,POWER KITCHEN,Protein Buffet,Protein Buffet,vegan,2026-09-15T03:11:11Z,2026-09-15T11:17:53Z,,2.5,2.9,3.4,,,,,,,
142,2026-09-15,FUSION meal,20,FRESH ISLAND,Salad Buffet,Salat Buffet,vegan,2026-09-15T03:11:11Z,2026-09-15T11:17:53Z,,2.5,2.9,3.4,,,,,,,
206,2026-09-15,FUSION meal,20,SOUL FOOD,Swiss Rösti Burger,Swiss Rösti Burger,meat,2026-09-15T03:11:11Z,2026-09-15T11:17:53Z,,11.5,14.5,17.5,,,,,,,
207,2026-09-15,FUSION meal,20,WORLD OF ASIA VEGGIE,Tofu Pad Kra Pao,Tofu Pad Kra Pao,vegetarian,2026-09-15T03:11:11Z,2026-09-15T11:17:53Z,,8.5,10.5,12.5,,,,,,,
208,2026-09-15,FUSION meal,20,WORLD OF ASIA,Turkey Korma ,Truthahn Korma ,meat,2026-09-15T03:11:11Z,2026-09-15T11:17:53Z,,10.5,12.9,14.5,,,,,,,
1,2026-09-15,Mendokoro,16,Shi,Chicken Tonkatsu Bowl,Chicken Tonkatsu Bowl,meat,2026-09-15T03:11:11Z,2026-09-15T11:17:53Z,,13.8,15.8,18.8,733,5.8,3.8,29,1.06,6.1,0.5
3,2026-09-15,Mendokoro,16,Ichi,Miso Ramen,Miso Ramen,vegetarian,2026-09-15T03:11:11Z,2026-09-15T11:17:53Z,,10.5,12.5,15.5,293,2.8,3.6,10,1.22,0.9,0.2
4,2026-09-15,Mendokoro,16,Ni,Shoyu Ramen,Shoyu Ramen,vegetarian,2026-09-15T03:11:11Z,2026-09-15T11:17:53Z,,10.5,12.5,15.5,308,2.9,3.7,11,1.30,0.8,0.2
107,2026-09-15,Mendokoro,16,San,Tantanmen Ramen,Tantanmen Ramen,vegetarian,2026-09-15T03:11:11Z,2026-09-15T11:17:53Z,,12.5,14.5,17.5,312,3.8,3.5,10,1.29,0.9,0.2
5,2026-09-15,Mendokoro,16,Roku,Tori Ramen,Tori Ramen,meat,2026-09-15T03:11:11Z,2026-09-15T11:17:53Z,,13.8,15.8,18.8,302,4.9,3.3,9.7,1.18,0.8,0.2
126,2026-09-15,food market,19,pizza mamma mia,Alsatian-Style Flammkuchen,Flammkuchen nach Elsässer Art,meat,2026-09-15T03:11:11Z,2026-09-15T10:19:08Z,2026-09-15T10:50:14Z,11.5,14.5,17.5,996,7.2,14,21,0.92,1.4,7.2
209,2026-09-15,food market,19,fire,Braised Pork Knuckle,Geschmorte Schweins Haxe,meat,2026-09-15T03:11:11Z,2026-09-15T09:22:44Z,,8.5,12.5,15.5,375,7.5,3.8,5.5,0.78,0.9,1.2
33,2026-09-15,food market,19,green delight,Choose 5,Choose 5,unclassified,2026-09-15T03:11:11Z,2026-09-15T11:17:53Z,,9.9,13.9,16.9,0.0,0.0,0.0,0.0,0.00,0.0,0.0
210,2026-09-15,food market,19,grill,Dumplings,Dumplings,vegan,2026-09-15T03:11:11Z,2026-09-15T11:17:53Z,,9.5,12.5,15.5,510,1.7,7.3,12,0.95,2.2,5.4
211,2026-09-15,food market,19,green daily,Golden Nuggets Bowl,Golden Nuggets Bowl,vegetarian,2026-09-15T03:11:11Z,2026-09-15T11:17:53Z,,7.0,11.5,14.5,492,4.0,4.6,14,0.80,2.4,0.8
212,2026-09-15,food market,19,pasta classica,Green Parsley Tagliolini ,Tagliolini verdi di prezzemolo ,meat,2026-09-15T03:11:11Z,2026-09-15T11:17:53Z,,8.5,12.5,15.5,477,4.4,3.7,15,0.80,0.6,1.0
64,2026-09-15,food market,19,pizza classica,Pizza Margherita,Pizza Margherita,vegetarian,2026-09-15T03:11:11Z,2026-09-15T11:17:53Z,,7.0,11.5,14.5,859,9.6,5.3,29,1.28,1.2,2.5
213,2026-09-15,food market,19,fire,Pork Schnitzel,Brätschnitzel,meat,2026-09-15T10:19:08Z,2026-09-15T10:50:14Z,,8.5,12.5,15.5,375,7.5,3.8,5.5,0.78,0.9,1.2
214,2026-09-15,food market,19,fire,Pork steak,Schweinssteak,meat,2026-09-15T10:57:57Z,2026-09-15T11:17:53Z,,8.5,12.5,15.5,375,7.5,3.8,5.5,0.78,0.9,1.2
113,2026-09-15,food market,19,pasta della nonna,Spaghetti & Spicy Meatballs,Spaghetti & Spicy Meatballs,meat,2026-09-15T03:11:11Z,2026-09-15T11:17:53Z,,9.5,13.5,16.5,525,6.5,4.3,14,0.63,1.9,1.6
215,2026-09-16,FUSION meal,20,MEATWORKS,Augustiner Schüblig,Augustiner Schüblig,meat,2026-09-16T03:10:53Z,2026-09-16T09:22:09Z,,8.5,12.5,15.5,,,,,,,
216,2026-09-16,FUSION meal,20,WORLD OF ASIA,Chicken Kung Pao,Chicken Kung Pao,meat,2026-09-16T03:10:53Z,2026-09-16T09:22:09Z,,10.5,12.9,14.5,,,,,,,
139,2026-09-16,FUSION meal,20,GLOBETROTTER,Hot Buffet,Warmes Buffet,vegetarian,2026-09-16T03:10:53Z,2026-09-16T09:22:09Z,,2.5,2.9,3.4,,,,,,,
217,2026-09-16,FUSION meal,20,VEGAN,Ocean-Sticks Burger,Ocean-Sticks Burger,vegan,2026-09-16T03:10:53Z,2026-09-16T09:22:09Z,,8.9,12.9,16.9,,,,,,,
218,2026-09-16,FUSION meal,20,WORLD OF ASIA VEGGIE,Palak Paneer,Palak Paneer,vegetarian,2026-09-16T03:10:53Z,2026-09-16T09:22:09Z,,8.5,10.5,12.5,,,,,,,
219,2026-09-16,FUSION meal,20,VEGGIE,Pear Risotto,Birnen-Risotto,vegetarian,2026-09-16T03:10:53Z,2026-09-16T09:22:09Z,,7.0,11.5,14.5,,,,,,,
141,2026-09-16,FUSION meal,20,POWER KITCHEN,Protein Buffet,Protein Buffet,vegan,2026-09-16T03:10:53Z,2026-09-16T09:22:09Z,,2.5,2.9,3.4,,,,,,,
142,2026-09-16,FUSION meal,20,FRESH ISLAND,Salad Buffet,Salat Buffet,vegan,2026-09-16T03:10:53Z,2026-09-16T09:22:09Z,,2.5,2.9,3.4,,,,,,,
220,2026-09-16,FUSION meal,20,SOUL FOOD,Salmon Trout with Chimichurri,Lachsforelle mit Chimichurri,fish,2026-09-16T03:10:53Z,2026-09-16T09:22:09Z,,11.5,14.5,17.5,,,,,,,
1,2026-09-16,Mendokoro,16,Shi,Chicken Tonkatsu Bowl,Chicken Tonkatsu Bowl,meat,2026-09-16T03:10:53Z,2026-09-16T09:22:09Z,,13.8,15.8,18.8,733,5.8,3.8,29,1.06,6.1,0.5
3,2026-09-16,Mendokoro,16,Ichi,Miso Ramen,Miso Ramen,vegetarian,2026-09-16T03:10:53Z,2026-09-16T09:22:09Z,,10.5,12.5,15.5,293,2.8,3.6,10,1.22,0.9,0.2
4,2026-09-16,Mendokoro,16,Ni,Shoyu Ramen,Shoyu Ramen,vegetarian,2026-09-16T03:10:53Z,2026-09-16T09:22:09Z,,10.5,12.5,15.5,308,2.9,3.7,11,1.30,0.8,0.2
107,2026-09-16,Mendokoro,16,San,Tantanmen Ramen,Tantanmen Ramen,vegetarian,2026-09-16T03:10:53Z,2026-09-16T09:22:09Z,,12.5,14.5,17.5,312,3.8,3.5,10,1.29,0.9,0.2
5,2026-09-16,Mendokoro,16,Roku,Tori Ramen,Tori Ramen,meat,2026-09-16T03:10:53Z,2026-09-16T09:22:09Z,,13.8,15.8,18.8,302,4.9,3.3,9.7,1.18,0.8,0.2
221,2026-09-16,food market,19,pizza mamma mia,Capri Pizza,Pizza Capri,unclassified,2026-09-16T03:10:53Z,2026-09-16T09:22:09Z,,10.5,13.5,16.5,766,10,6.6,20,1.05,1.0,3.6
33,2026-09-16,food market,19,green delight,Choose 5,Choose 5,unclassified,2026-09-16T03:10:53Z,2026-09-16T09:22:09Z,,9.9,13.9,16.9,0.0,0.0,0.0,0.0,0.00,0.0,0.0
222,2026-09-16,food market,19,green daily,Fancy Falafel Bowl,Fancy Falafel Bowl,vegan,2026-09-16T03:10:53Z,2026-09-16T09:22:09Z,,7.0,11.5,14.5,718,5.4,7.3,20,0.82,3.5,0.9
223,2026-09-16,food market,19,fire,Hot & Smoky Chicken Drumsticks,Pouletschenkel Hot & Smoky,meat,2026-09-16T03:10:53Z,2026-09-16T03:10:53Z,,8.5,12.5,15.5,742,8.0,9.3,15,1.16,2.7,2.2
227,2026-09-16,food market,19,fire,Hot & Smoky Chicken Wings,Chicken Wings Hot & Smoky,meat,2026-09-16T06:27:28Z,2026-09-16T09:22:09Z,,8.5,12.5,15.5,742,8.0,9.3,15,1.16,2.7,2.2
224,2026-09-16,food market,19,pasta classica vegi,Penne with Tomatoes and Olives,Penne pomodori e olive,vegan,2026-09-16T03:10:53Z,2026-09-16T09:22:09Z,,7.0,11.5,14.5,654,4.5,3.3,25,0.58,1.7,1.0
64,2026-09-16,food market,19,pizza classica,Pizza Margherita,Pizza Margherita,vegetarian,2026-09-16T03:10:53Z,2026-09-16T09:22:09Z,,7.0,11.5,14.5,859,9.6,5.3,29,1.28,1.2,2.5
225,2026-09-16,food market,19,pasta della nonna,Tagliatelle & Sautéed Porcini Mushrooms,Tagliatelle mit gebratenen Steinpilzen,vegetarian,2026-09-16T03:10:53Z,2026-09-16T09:22:09Z,,9.5,13.5,16.5,545,4.8,4.4,17,0.57,1.2,1.7
226,2026-09-16,food market,19,grill,The Deluxe Burger,The Deluxe Burger,meat,2026-09-16T03:10:53Z,2026-09-16T09:22:09Z,,12.5,15.5,18.5,811,8.1,9.0,19,1.42,2.8,2.8
228,2026-09-17,FUSION meal,20,MEATWORKS,Chicken Gyros with Tzatziki,Chicken-Gyros mit Tzatziki,meat,2026-09-17T03:10:44Z,2026-09-17T11:01:11Z,,8.5,12.5,15.5,,,,,,,
229,2026-09-17,FUSION meal,20,WORLD OF ASIA,Duck Breast & Peanut Curry Sauce,Entenbrust & Erdnuss-Currysauce,meat,2026-09-17T03:10:44Z,2026-09-17T11:01:11Z,,10.5,12.9,14.5,,,,,,,
230,2026-09-17,FUSION meal,20,VEGGIE,Feta Steak,Feta-Steak,vegetarian,2026-09-17T03:10:44Z,2026-09-17T11:01:11Z,,7.0,11.5,14.5,,,,,,,
231,2026-09-17,FUSION meal,20,WORLD OF ASIA VEGGIE,Fried Noodles & Gyoza,Fried Noodles & Gyoza,vegetarian,2026-09-17T03:10:44Z,2026-09-17T05:57:33Z,,8.5,10.5,12.5,,,,,,,
240,2026-09-17,FUSION meal,20,WORLD OF ASIA VEGGIE,Fried Noodles & Spring Rolls,Fried Noodles & Frühlingsrolle,vegetarian,2026-09-17T06:34:20Z,2026-09-17T11:01:11Z,,8.5,10.5,12.5,,,,,,,
139,2026-09-17,FUSION meal,20,GLOBETROTTER,Hot Buffet,Warmes Buffet,vegetarian,2026-09-17T03:10:44Z,2026-09-17T11:01:11Z,,2.5,2.9,3.4,,,,,,,
232,2026-09-17,FUSION meal,20,SOUL FOOD,Mexican Burrito,Mexican Burrito,meat,2026-09-17T03:10:44Z,2026-09-17T11:01:11Z,,11.5,14.5,17.5,,,,,,,
141,2026-09-17,FUSION meal,20,POWER KITCHEN,Protein Buffet,Protein Buffet,vegan,2026-09-17T03:10:44Z,2026-09-17T11:01:11Z,,2.5,2.9,3.4,,,,,,,
142,2026-09-17,FUSION meal,20,FRESH ISLAND,Salad Buffet,Salat Buffet,vegan,2026-09-17T03:10:44Z,2026-09-17T11:01:11Z,,2.5,2.9,3.4,,,,,,,
233,2026-09-17,FUSION meal,20,VEGAN,Tofu and Vegetable Bowl,Tofu-Gemüse Bowl,vegan,2026-09-17T03:10:44Z,2026-09-17T11:01:11Z,,8.9,12.9,16.9,,,,,,,
1,2026-09-17,Mendokoro,16,Shi,Chicken Tonkatsu Bowl,Chicken Tonkatsu Bowl,meat,2026-09-17T03:10:44Z,2026-09-17T11:01:11Z,,13.8,15.8,18.8,733,5.8,3.8,29,1.06,6.1,0.5
3,2026-09-17,Mendokoro,16,Ichi,Miso Ramen,Miso Ramen,vegetarian,2026-09-17T03:10:44Z,2026-09-17T11:01:11Z,,10.5,12.5,15.5,293,2.8,3.6,10,1.22,0.9,0.2
4,2026-09-17,Mendokoro,16,Ni,Shoyu Ramen,Shoyu Ramen,vegetarian,2026-09-17T03:10:44Z,2026-09-17T11:01:11Z,,10.5,12.5,15.5,308,2.9,3.7,11,1.30,0.8,0.2
107,2026-09-17,Mendokoro,16,San,Tantanmen Ramen,Tantanmen Ramen,vegetarian,2026-09-17T03:10:44Z,2026-09-17T11:01:11Z,,12.5,14.5,17.5,312,3.8,3.5,10,1.29,0.9,0.2
5,2026-09-17,Mendokoro,16,Roku,Tori Ramen,Tori Ramen,meat,2026-09-17T03:10:44Z,2026-09-17T11:01:11Z,,13.8,15.8,18.8,302,4.9,3.3,9.7,1.18,0.8,0.2
221,2026-09-17,food market,19,pizza mamma mia,Capri Pizza,Pizza Capri,unclassified,2026-09-17T03:10:44Z,2026-09-17T11:01:11Z,,10.5,13.5,16.5,766,10,6.6,20,1.05,1.0,3.6
33,2026-09-17,food market,19,green delight,Choose 5,Choose 5,unclassified,2026-09-17T03:10:44Z,2026-09-17T11:01:11Z,,9.9,13.9,16.9,0.0,0.0,0.0,0.0,0.00,0.0,0.0
234,2026-09-17,food market,19,grill,Crispy Chicken Bowl,Chicken Crispy Bowl,meat,2026-09-17T03:10:44Z,2026-09-17T11:01:11Z,,11.5,14.5,17.5,631,5.1,3.2,27,1.13,6.4,0.4
239,2026-09-17,food market,19,pasta classica,Fusilli with Mascarpone and Basil,Fusilli al Mascarpone e Basilico,meat,2026-09-17T04:56:38Z,2026-09-17T11:01:11Z,,8.5,12.5,15.5,683,5.9,5.4,22,0.70,2.0,2.5
235,2026-09-17,food market,19,pasta classica,Fusilli with Mascarpone and Rosé Wine,Fusilli alla Mascarpone Rosato,meat,2026-09-17T03:10:44Z,2026-09-17T03:10:44Z,,8.5,12.5,15.5,683,5.9,5.4,22,0.70,2.0,2.5
241,2026-09-17,food market,19,green daily,Gnocchi with Burratella,Gnocchi Burratella,unclassified,2026-09-17T11:01:11Z,2026-09-17T11:01:11Z,,7.0,11.5,14.5,393,2.4,4.3,10,0.79,2.2,1.0
236,2026-09-17,food market,19,pasta della nonna,Kimchi Noodle Soup & Dumplings,Kimchi Noodle Soup & Dumplings,vegan,2026-09-17T03:10:44Z,2026-09-17T11:01:11Z,,9.5,13.5,16.5,233,1.4,1.1,9.8,1.04,1.7,0.2
64,2026-09-17,food market,19,pizza classica,Pizza Margherita,Pizza Margherita,vegetarian,2026-09-17T03:10:44Z,2026-09-17T11:01:11Z,,7.0,11.5,14.5,859,9.6,5.3,29,1.28,1.2,2.5
237,2026-09-17,food market,19,green daily,Rösti with Burratella,Rösti Burratella,unclassified,2026-09-17T03:10:44Z,2026-09-17T09:24:50Z,,7.0,11.5,14.5,393,2.4,4.3,10,0.79,2.2,1.0
238,2026-09-17,food market,19,fire,Turkey breast,Truthahnbrust,meat,2026-09-17T03:10:44Z,2026-09-17T11:01:11Z,,8.5,12.5,15.5,359,6.4,2.6,7.9,0.56,1.1,0.4
242,2026-09-18,FUSION meal,20,VEGAN,Falafel ,Falafel ,vegan,2026-09-18T03:10:12Z,2026-09-18T11:25:07Z,,8.9,12.9,16.9,,,,,,,
139,2026-09-18,FUSION meal,20,GLOBETROTTER,Hot Buffet,Warmes Buffet,vegetarian,2026-09-18T03:10:12Z,2026-09-18T11:25:07Z,,2.5,2.9,3.4,,,,,,,
243,2026-09-18,FUSION meal,20,WORLD OF ASIA VEGGIE,Kare Raisu,Kare Raisu,vegetarian,2026-09-18T03:10:12Z,2026-09-18T11:25:07Z,,8.5,10.5,12.5,,,,,,,
252,2026-09-18,FUSION meal,20,SOUL FOOD,Loaded Fries & Pulled Chicken,Loaded Fries & Pulled Chicken,meat,2026-09-18T06:32:37Z,2026-09-18T11:25:07Z,,10.5,13.5,16.5,,,,,,,
244,2026-09-18,FUSION meal,20,SOUL FOOD,Loaded Rösti Fries & Pulled Chicken,Loaded Rösti Fries & Pulled Chicken,meat,2026-09-18T03:10:12Z,2026-09-18T03:10:12Z,,11.5,14.5,17.5,,,,,,,
141,2026-09-18,FUSION meal,20,POWER KITCHEN,Protein Buffet,Protein Buffet,vegan,2026-09-18T03:10:12Z,2026-09-18T11:25:07Z,,2.5,2.9,3.4,,,,,,,
142,2026-09-18,FUSION meal,20,FRESH ISLAND,Salad Buffet,Salat Buffet,vegan,2026-09-18T03:10:12Z,2026-09-18T11:25:07Z,,2.5,2.9,3.4,,,,,,,
245,2026-09-18,FUSION meal,20,MEATWORKS,Squid Rings,Calamares Ringe,fish,2026-09-18T03:10:12Z,2026-09-18T11:25:07Z,,8.5,12.5,15.5,,,,,,,
246,2026-09-18,FUSION meal,20,WORLD OF ASIA,Sweet and Sour Pork,Süss-Sauer Schweinefleisch,meat,2026-09-18T03:10:12Z,2026-09-18T11:25:07Z,,10.5,12.9,14.5,,,,,,,
247,2026-09-18,FUSION meal,20,VEGGIE,Vegetable Empanada,Gemüse-Empanada,vegetarian,2026-09-18T03:10:12Z,2026-09-18T11:25:07Z,,7.0,11.5,14.5,,,,,,,
1,2026-09-18,Mendokoro,16,Shi,Chicken Tonkatsu Bowl,Chicken Tonkatsu Bowl,meat,2026-09-18T03:10:12Z,2026-09-18T11:25:07Z,,13.8,15.8,18.8,733,5.8,3.8,29,1.06,6.1,0.5
3,2026-09-18,Mendokoro,16,Ichi,Miso Ramen,Miso Ramen,vegetarian,2026-09-18T03:10:12Z,2026-09-18T11:25:07Z,,10.5,12.5,15.5,293,2.8,3.6,10,1.22,0.9,0.2
4,2026-09-18,Mendokoro,16,Ni,Shoyu Ramen,Shoyu Ramen,vegetarian,2026-09-18T03:10:12Z,2026-09-18T11:25:07Z,,10.5,12.5,15.5,308,2.9,3.7,11,1.30,0.8,0.2
107,2026-09-18,Mendokoro,16,San,Tantanmen Ramen,Tantanmen Ramen,vegetarian,2026-09-18T03:10:12Z,2026-09-18T11:25:07Z,,12.5,14.5,17.5,312,3.8,3.5,10,1.29,0.9,0.2
5,2026-09-18,Mendokoro,16,Roku,Tori Ramen,Tori Ramen,meat,2026-09-18T03:10:12Z,2026-09-18T11:25:07Z,,13.8,15.8,18.8,302,4.9,3.3,9.7,1.18,0.8,0.2
33,2026-09-18,food market,19,green delight,Choose 5,Choose 5,unclassified,2026-09-18T03:10:12Z,2026-09-18T11:25:07Z,,9.9,13.9,16.9,0.0,0.0,0.0,0.0,0.00,0.0,0.0
248,2026-09-18,food market,19,grill,Grilled Burewurst,Burewurst vom Grill,meat,2026-09-18T03:10:12Z,2026-09-18T11:25:07Z,,10.5,13.5,16.5,590,7.4,8.0,12,1.21,1.2,2.2
49,2026-09-18,food market,19,pasta classica vegi,Ground Meat with Horn-Shaped Pasta,G`hacktes mit Hörnli,vegan,2026-09-18T03:10:12Z,2026-09-18T11:25:07Z,,7.0,11.5,14.5,574,4.7,1.2,26,0.32,3.5,0.5
249,2026-09-18,food market,19,fire,Japan Bowl,Japan Bowl,fish,2026-09-18T03:10:12Z,2026-09-18T11:25:07Z,,8.5,12.5,15.5,723,6.6,3.6,28,1.26,7.3,0.5
250,2026-09-18,food market,19,green daily,Pan-Fried Spätzli with a Fried Egg,Spätzlipfanne mit Spiegelei,unclassified,2026-09-18T03:10:12Z,2026-09-18T11:25:07Z,,7.0,11.5,14.5,548,5.8,5.6,14,0.92,1.8,2.0
251,2026-09-18,food market,19,pasta della nonna,Pasta al Bufala,Pasta al Bufala,unclassified,2026-09-18T03:10:12Z,2026-09-18T11:25:07Z,,9.5,13.5,16.5,714,6.3,5.2,24,0.74,1.9,1.7
64,2026-09-18,food market,19,pizza classica,Pizza Margherita,Pizza Margherita,vegetarian,2026-09-18T03:10:12Z,2026-09-18T11:25:07Z,,7.0,11.5,14.5,859,9.6,5.3,29,1.28,1.2,2.5
253,2026-09-21,FUSION meal,20,SOUL FOOD,Beef Cutlets with Pepper Sauce,Rindsplätzli mit Pfeffersauce,meat,2026-09-21T03:11:58Z,2026-09-21T06:00:15Z,,12.5,15.5,18.5,,,,,,,
266,2026-09-21,FUSION meal,20,SOUL FOOD,Beef schnitzel with Pepper Sauce,Rindsplätzli mit Pfeffersauce,meat,2026-09-21T06:45:38Z,2026-09-21T09:53:37Z,,12.5,15.5,18.5,,,,,,,
265,2026-09-21,FUSION meal,20,MEATWORKS,Breaded Pork Schnitzel,Paniertes Schweinsschnitzel,meat,2026-09-21T06:00:15Z,2026-09-21T09:53:37Z,,8.5,12.5,15.5,,,,,,,
254,2026-09-21,FUSION meal,20,VEGAN,Caribbean Currywurst,Karibische Currywurst,vegan,2026-09-21T03:11:58Z,2026-09-21T09:53:37Z,,8.9,12.9,16.9,,,,,,,
255,2026-09-21,FUSION meal,20,WORLD OF ASIA VEGGIE,Chana Masala,Chana Masala,vegetarian,2026-09-21T03:11:58Z,2026-09-21T09:53:37Z,,8.5,10.5,12.5,,,,,,,
256,2026-09-21,FUSION meal,20,VEGGIE,Gnocchi Cinque Pi,Gnocchi Cinque Pi,vegetarian,2026-09-21T03:11:58Z,2026-09-21T09:53:37Z,,7.0,11.5,14.5,,,,,,,
139,2026-09-21,FUSION meal,20,GLOBETROTTER,Hot Buffet,Warmes Buffet,vegetarian,2026-09-21T03:11:58Z,2026-09-21T09:53:37Z,,2.5,2.9,3.4,,,,,,,
257,2026-09-21,FUSION meal,20,WORLD OF ASIA,Mahi Mahi,Mahi Mahi,fish,2026-09-21T03:11:58Z,2026-09-21T09:53:37Z,,10.5,12.9,14.5,,,,,,,
258,2026-09-21,FUSION meal,20,MEATWORKS,Pork Cutlet,Schweinsschnitzel,meat,2026-09-21T03:11:58Z,2026-09-21T03:11:58Z,,8.5,12.5,15.5,,,,,,,
141,2026-09-21,FUSION meal,20,POWER KITCHEN,Protein Buffet,Protein Buffet,vegetarian,2026-09-21T03:11:58Z,2026-09-21T09:53:37Z,,2.5,2.9,3.4,,,,,,,
142,2026-09-21,FUSION meal,20,FRESH ISLAND,Salad Buffet,Salat Buffet,vegetarian,2026-09-21T03:11:58Z,2026-09-21T09:53:37Z,,2.5,2.9,3.4,,,,,,,
1,2026-09-21,Mendokoro,16,Shi,Chicken Tonkatsu Bowl,Chicken Tonkatsu Bowl,meat,2026-09-21T03:11:58Z,2026-09-21T09:53:37Z,,13.8,15.8,18.8,733,5.8,3.8,29,1.06,6.1,0.5
3,2026-09-21,Mendokoro,16,Ichi,Miso Ramen,Miso Ramen,vegetarian,2026-09-21T03:11:58Z,2026-09-21T09:53:37Z,,10.5,12.5,15.5,293,2.8,3.6,10,1.22,0.9,0.2
4,2026-09-21,Mendokoro,16,Ni,Shoyu Ramen,Shoyu Ramen,vegetarian,2026-09-21T03:11:58Z,2026-09-21T09:53:37Z,,10.5,12.5,15.5,308,2.9,3.7,11,1.30,0.8,0.2
107,2026-09-21,Mendokoro,16,San,Tantanmen Ramen,Tantanmen Ramen,vegetarian,2026-09-21T03:11:58Z,2026-09-21T09:53:37Z,,12.5,14.5,17.5,312,3.8,3.5,10,1.29,0.9,0.2
5,2026-09-21,Mendokoro,16,Roku,Tori Ramen,Tori Ramen,meat,2026-09-21T03:11:58Z,2026-09-21T09:53:37Z,,13.8,15.8,18.8,302,4.9,3.3,9.7,1.18,0.8,0.2
33,2026-09-21,food market,19,green delight,Choose 5,Choose 5,unclassified,2026-09-21T03:11:58Z,2026-09-21T09:53:37Z,,9.9,13.9,16.9,0.0,0.0,0.0,0.0,0.00,0.0,0.0
259,2026-09-21,food market,19,pizza mamma mia,Lahmacun,Lahmacun,meat,2026-09-21T03:11:58Z,2026-09-21T09:53:37Z,,10.5,13.5,16.5,647,5.7,5.1,21,0.82,1.9,1.3
260,2026-09-21,food market,19,grill,Lomo Saltado,Lomo Saltado,meat,2026-09-21T03:11:58Z,2026-09-21T09:28:11Z,,11.5,14.5,17.5,533,5.7,2.7,19,1.26,3.5,0.2
261,2026-09-21,food market,19,pasta classica,Pasta Chat,Pasta Plausch,meat,2026-09-21T03:11:58Z,2026-09-21T09:53:37Z,,8.5,12.5,15.5,555,5.5,4.8,16,0.48,2.0,1.6
64,2026-09-21,food market,19,pizza classica,Pizza Margherita,Pizza Margherita,vegetarian,2026-09-21T03:11:58Z,2026-09-21T09:53:37Z,,7.0,11.5,14.5,859,9.6,5.3,29,1.28,1.2,2.5
262,2026-09-21,food market,19,green daily,Red Lentil Dal,Rotes Linsen Dal,vegan,2026-09-21T03:11:58Z,2026-09-21T09:53:37Z,,7.0,11.5,14.5,701,4.8,6.2,22,0.56,2.2,2.4
263,2026-09-21,food market,19,fire,Roasted Beef & Vegetable Moussaka,Roasted Beef & Vegetable Moussaka,meat,2026-09-21T03:11:58Z,2026-09-21T09:53:37Z,,8.5,12.5,15.5,276,3.4,3.0,5.7,0.82,2.3,1.2
267,2026-09-21,food market,19,grill,Sautéed Chicken,Pollo Saltado,meat,2026-09-21T09:45:17Z,2026-09-21T09:53:37Z,,11.5,14.5,17.5,533,5.7,2.7,19,1.26,3.5,0.2
264,2026-09-21,food market,19,pasta della nonna,Yaki Udon Noodles,Yaki Udon Noodles,vegan,2026-09-21T03:11:58Z,2026-09-21T09:53:37Z,,9.5,13.5,16.5,555,5.5,3.9,21,2.20,3.7,0.6
275,2026-09-22,FUSION meal,20,WORLD OF ASIA,Butter Chicken Masala,Butter Chicken-Masala,meat,2026-09-22T06:33:40Z,2026-09-22T09:10:18Z,,10.5,12.9,14.5,,,,,,,
268,2026-09-22,FUSION meal,20,VEGGIE,Cheese Omelet,Käse-Omelette,vegetarian,2026-09-22T03:11:01Z,2026-09-22T09:10:18Z,,7.0,11.5,14.5,,,,,,,
269,2026-09-22,FUSION meal,20,WORLD OF ASIA,Chicken Butter Masala,Chicken Butter-Masala,meat,2026-09-22T03:11:01Z,2026-09-22T03:11:01Z,,10.5,12.9,14.5,,,,,,,
270,2026-09-22,FUSION meal,20,WORLD OF ASIA VEGGIE,Fried Rice with Gyoza,Fried Rice mit Gyoza,vegetarian,2026-09-22T03:11:01Z,2026-09-22T03:11:01Z,,8.5,10.5,12.5,,,,,,,
276,2026-09-22,FUSION meal,20,WORLD OF ASIA VEGGIE,Fried Rice with Shiitake Dumplings,Fried Rice mit Shiitake Dumplings,vegetarian,2026-09-22T06:33:40Z,2026-09-22T09:10:18Z,,8.5,10.5,12.5,,,,,,,
138,2026-09-22,FUSION meal,20,MEATWORKS,Ground Meat with Horn-Shaped Pasta,Gehacktes mit Hörnli,meat,2026-09-22T03:11:01Z,2026-09-22T09:10:18Z,,8.5,12.5,15.5,,,,,,,
139,2026-09-22,FUSION meal,20,GLOBETROTTER,Hot Buffet,Warmes Buffet,vegetarian,2026-09-22T03:11:01Z,2026-09-22T09:10:18Z,,2.5,2.9,3.4,,,,,,,
271,2026-09-22,FUSION meal,20,VEGAN,Loaded Frankie Wrap,Loaded Frankie Wrap,vegan,2026-09-22T03:11:01Z,2026-09-22T09:10:18Z,,8.9,12.9,16.9,,,,,,,
141,2026-09-22,FUSION meal,20,POWER KITCHEN,Protein Buffet,Protein Buffet,vegetarian,2026-09-22T03:11:01Z,2026-09-22T09:10:18Z,,2.5,2.9,3.4,,,,,,,
142,2026-09-22,FUSION meal,20,FRESH ISLAND,Salad Buffet,Salat Buffet,vegetarian,2026-09-22T03:11:01Z,2026-09-22T09:10:18Z,,2.5,2.9,3.4,,,,,,,
272,2026-09-22,FUSION meal,20,SOUL FOOD,Spanish-Style Veal Burger,Kalbs-Burger Spanish Style,meat,2026-09-22T03:11:01Z,2026-09-22T09:10:18Z,,11.5,14.5,17.5,,,,,,,
1,2026-09-22,Mendokoro,16,Shi,Chicken Tonkatsu Bowl,Chicken Tonkatsu Bowl,meat,2026-09-22T03:11:01Z,2026-09-22T09:10:18Z,,13.8,15.8,18.8,733,5.8,3.8,29,1.06,6.1,0.5
3,2026-09-22,Mendokoro,16,Ichi,Miso Ramen,Miso Ramen,vegetarian,2026-09-22T03:11:01Z,2026-09-22T09:10:18Z,,10.5,12.5,15.5,293,2.8,3.6,10,1.22,0.9,0.2
4,2026-09-22,Mendokoro,16,Ni,Shoyu Ramen,Shoyu Ramen,vegetarian,2026-09-22T03:11:01Z,2026-09-22T09:10:18Z,,10.5,12.5,15.5,308,2.9,3.7,11,1.30,0.8,0.2
107,2026-09-22,Mendokoro,16,San,Tantanmen Ramen,Tantanmen Ramen,vegetarian,2026-09-22T03:11:01Z,2026-09-22T09:10:18Z,,12.5,14.5,17.5,312,3.8,3.5,10,1.29,0.9,0.2
5,2026-09-22,Mendokoro,16,Roku,Tori Ramen,Tori Ramen,meat,2026-09-22T03:11:01Z,2026-09-22T09:10:18Z,,13.8,15.8,18.8,302,4.9,3.3,9.7,1.18,0.8,0.2
33,2026-09-22,food market,19,green delight,Choose 5,Choose 5,unclassified,2026-09-22T03:11:01Z,2026-09-22T09:10:18Z,,9.9,13.9,16.9,0.0,0.0,0.0,0.0,0.00,0.0,0.0
273,2026-09-22,food market,19,grill,Grilled Salmon Steak,Lachs Steak vom Grill,fish,2026-09-22T03:11:01Z,2026-09-22T09:10:18Z,,12.5,15.5,18.5,577,5.8,5.4,16,0.95,1.0,2.6
259,2026-09-22,food market,19,pizza mamma mia,Lahmacun,Lahmacun,meat,2026-09-22T03:11:01Z,2026-09-22T09:10:18Z,,10.5,13.5,16.5,647,5.7,5.1,21,0.82,1.9,1.3
57,2026-09-22,food market,19,green daily,Oriental Naan,Oriental Naan,vegan,2026-09-22T03:11:01Z,2026-09-22T09:10:18Z,,7.0,11.5,14.5,468,3.1,4.0,14,0.72,2.7,0.6
274,2026-09-22,food market,19,pasta classica vegi,Pasta with Ratatouille,Pasta con ratatouille,vegetarian,2026-09-22T03:11:01Z,2026-09-22T09:10:18Z,,7.0,11.5,14.5,540,4.6,4.9,16,0.37,1.8,2.0
64,2026-09-22,food market,19,pizza classica,Pizza Margherita,Pizza Margherita,vegetarian,2026-09-22T03:11:01Z,2026-09-22T09:10:18Z,,7.0,11.5,14.5,859,9.6,5.3,29,1.28,1.2,2.5
81,2026-09-22,food market,19,pasta della nonna,Tagliatelle with Spinach and Salmon,Tagliatelle agli spinachi e salmone,fish,2026-09-22T03:11:01Z,2026-09-22T06:33:40Z,,9.5,13.5,16.5,579,6.4,5.3,16,0.44,1.6,1.6
277,2026-09-22,food market,19,pasta della nonna,Tortellini with Meat Filling,Tortellini alla carne,meat,2026-09-22T06:55:48Z,2026-09-22T09:10:18Z,,9.5,13.5,16.5,688,7.5,7.0,18,1.21,1.5,1.8
96,2026-09-22,food market,19,fire,Zurich-Style Sliced Beef,Geschnetzeltes Zürcher Art,meat,2026-09-22T03:11:01Z,2026-09-22T09:10:18Z,,8.5,12.5,15.5,509,6.0,4.9,12,0.51,1.5,1.2
278,2026-09-23,FUSION meal,20,VEGAN,Baked Falafel Burger,Überbackener Falafel-Burger,vegan,2026-09-23T03:11:04Z,2026-09-23T09:31:44Z,,8.9,12.9,16.9,,,,,,,
279,2026-09-23,FUSION meal,20,MEATWORKS,Chicken Breast with Chimichurri,Pouletbrust Chimichurri,meat,2026-09-23T03:11:04Z,2026-09-23T09:31:44Z,,8.5,12.5,15.5,,,,,,,
280,2026-09-23,FUSION meal,20,SOUL FOOD,Crispy Pork Pancetta,Crispy-Schweine Pancetta,meat,2026-09-23T03:11:04Z,2026-09-23T09:31:44Z,,11.5,14.5,17.5,,,,,,,
139,2026-09-23,FUSION meal,20,GLOBETROTTER,Hot Buffet,Warmes Buffet,vegetarian,2026-09-23T03:11:04Z,2026-09-23T09:31:44Z,,2.5,2.9,3.4,,,,,,,
281,2026-09-23,FUSION meal,20,WORLD OF ASIA,Mapo Beef,Mapo Beef,meat,2026-09-23T03:11:04Z,2026-09-23T09:31:44Z,,10.5,12.9,14.5,,,,,,,
141,2026-09-23,FUSION meal,20,POWER KITCHEN,Protein Buffet,Protein Buffet,vegetarian,2026-09-23T03:11:04Z,2026-09-23T09:31:44Z,,2.5,2.9,3.4,,,,,,,
142,2026-09-23,FUSION meal,20,FRESH ISLAND,Salad Buffet,Salat Buffet,vegetarian,2026-09-23T03:11:04Z,2026-09-23T09:31:44Z,,2.5,2.9,3.4,,,,,,,
282,2026-09-23,FUSION meal,20,WORLD OF ASIA VEGGIE,Tofu Red Curry,Tofu-Red Curry,vegetarian,2026-09-23T03:11:04Z,2026-09-23T09:31:44Z,,8.5,10.5,12.5,,,,,,,
283,2026-09-23,FUSION meal,20,VEGGIE,Vegetable Lasagna,Gemüse-Lasagne,vegetarian,2026-09-23T03:11:04Z,2026-09-23T09:31:44Z,,7.0,11.5,14.5,,,,,,,
1,2026-09-23,Mendokoro,16,Shi,Chicken Tonkatsu Bowl,Chicken Tonkatsu Bowl,meat,2026-09-23T03:11:04Z,2026-09-23T09:31:44Z,,13.8,15.8,18.8,733,5.8,3.8,29,1.06,6.1,0.5
3,2026-09-23,Mendokoro,16,Ichi,Miso Ramen,Miso Ramen,vegetarian,2026-09-23T03:11:04Z,2026-09-23T09:31:44Z,,10.5,12.5,15.5,293,2.8,3.6,10,1.22,0.9,0.2
4,2026-09-23,Mendokoro,16,Ni,Shoyu Ramen,Shoyu Ramen,vegetarian,2026-09-23T03:11:04Z,2026-09-23T09:31:44Z,,10.5,12.5,15.5,308,2.9,3.7,11,1.30,0.8,0.2
107,2026-09-23,Mendokoro,16,San,Tantanmen Ramen,Tantanmen Ramen,vegetarian,2026-09-23T03:11:04Z,2026-09-23T09:31:44Z,,12.5,14.5,17.5,312,3.8,3.5,10,1.29,0.9,0.2
5,2026-09-23,Mendokoro,16,Roku,Tori Ramen,Tori Ramen,meat,2026-09-23T03:11:04Z,2026-09-23T09:31:44Z,,13.8,15.8,18.8,302,4.9,3.3,9.7,1.18,0.8,0.2
7,2026-09-23,food market,19,pasta classica,Alpine Macaroni,Älpler Maggronen,meat,2026-09-23T03:11:04Z,2026-09-23T09:31:44Z,,8.5,12.5,15.5,445,4.2,5.1,10,0.36,2.8,2.3
284,2026-09-23,food market,19,grill,Black Angus Cheesy Burger,Black Angus Cheesy Burger,meat,2026-09-23T03:11:04Z,2026-09-23T09:31:44Z,,13.5,16.5,19.5,761,9.6,8.7,15,1.07,2.2,2.8
285,2026-09-23,food market,19,fire,Chicken Massaman Curry,Chicken Massaman Curry,meat,2026-09-23T03:11:04Z,2026-09-23T09:31:44Z,,8.5,12.5,15.5,534,5.6,4.3,19,0.86,0.7,1.7
33,2026-09-23,food market,19,green delight,Choose 5,Choose 5,unclassified,2026-09-23T03:11:04Z,2026-09-23T09:31:44Z,,9.9,13.9,16.9,0.0,0.0,0.0,0.0,0.00,0.0,0.0
286,2026-09-23,food market,19,green daily,Huevos Rancheros,Huevos Rancheros,vegetarian,2026-09-23T03:11:04Z,2026-09-23T09:31:44Z,,7.0,11.5,14.5,641,6.9,5.4,18,0.97,2.1,1.6
64,2026-09-23,food market,19,pizza classica,Pizza Margherita,Pizza Margherita,vegetarian,2026-09-23T03:11:04Z,2026-09-23T09:31:44Z,,7.0,11.5,14.5,859,9.6,5.3,29,1.28,1.2,2.5
287,2026-09-23,food market,19,pizza mamma mia,Pizza with buffalo mozzarella,Pizza alla bufala,vegetarian,2026-09-23T03:11:04Z,2026-09-23T09:31:44Z,,10.5,13.5,16.5,851,11,7.6,22,1.13,1.2,4.2
81,2026-09-23,food market,19,pasta della nonna,Tagliatelle with Spinach and Salmon,Tagliatelle con spinaci e salmone,fish,2026-09-23T03:11:04Z,2026-09-23T09:31:44Z,,9.5,13.5,16.5,579,6.4,5.3,16,0.44,1.6,1.6
288,2026-09-24,FUSION meal,20,WORLD OF ASIA VEGGIE,Bibimbap & Fried Egg,Bibimbap & Spiegelei,vegetarian,2026-09-24T03:10:47Z,2026-09-24T11:18:50Z,,8.5,10.5,12.5,,,,,,,
289,2026-09-24,FUSION meal,20,MEATWORKS,Cevapcici ,Cevapcici ,meat,2026-09-24T03:10:47Z,2026-09-24T11:18:50Z,,8.5,12.5,15.5,,,,,,,
290,2026-09-24,FUSION meal,20,SOUL FOOD,"Chicken Cordon Bleu, Gruyère Style ",Poulet-Cordon Bleu-Greyerzer Art ,meat,2026-09-24T03:10:47Z,2026-09-24T11:18:50Z,,12.5,15.5,18.5,,,,,,,
139,2026-09-24,FUSION meal,20,GLOBETROTTER,Hot Buffet,Warmes Buffet,vegetarian,2026-09-24T03:10:47Z,2026-09-24T11:18:50Z,,2.5,2.9,3.4,,,,,,,
291,2026-09-24,FUSION meal,20,WORLD OF ASIA,Pork Vindaloo,Schweins-Vindaloo,meat,2026-09-24T03:10:47Z,2026-09-24T11:18:50Z,,10.5,12.9,14.5,,,,,,,
141,2026-09-24,FUSION meal,20,POWER KITCHEN,Protein Buffet,Protein Buffet,vegetarian,2026-09-24T03:10:47Z,2026-09-24T11:18:50Z,,2.5,2.9,3.4,,,,,,,
142,2026-09-24,FUSION meal,20,FRESH ISLAND,Salad Buffet,Salat Buffet,vegetarian,2026-09-24T03:10:47Z,2026-09-24T11:18:50Z,,2.5,2.9,3.4,,,,,,,
292,2026-09-24,FUSION meal,20,VEGAN,Soy Stroganoff,Soja-Stroganoff,vegan,2026-09-24T03:10:47Z,2026-09-24T11:18:50Z,,8.9,12.9,16.9,,,,,,,
293,2026-09-24,FUSION meal,20,VEGGIE,Stuffed Bell Peppers with Rice & Feta,Gefüllte Paprika mit Reis & Feta,vegetarian,2026-09-24T03:10:47Z,2026-09-24T11:18:50Z,,7.0,11.5,14.5,,,,,,,
1,2026-09-24,Mendokoro,16,Shi,Chicken Tonkatsu Bowl,Chicken Tonkatsu Bowl,meat,2026-09-24T03:10:47Z,2026-09-24T11:18:50Z,,13.8,15.8,18.8,733,5.8,3.8,29,1.06,6.1,0.5
3,2026-09-24,Mendokoro,16,Ichi,Miso Ramen,Miso Ramen,vegetarian,2026-09-24T03:10:47Z,2026-09-24T11:18:50Z,,10.5,12.5,15.5,293,2.8,3.6,10,1.22,0.9,0.2
4,2026-09-24,Mendokoro,16,Ni,Shoyu Ramen,Shoyu Ramen,vegetarian,2026-09-24T03:10:47Z,2026-09-24T11:18:50Z,,10.5,12.5,15.5,308,2.9,3.7,11,1.30,0.8,0.2
107,2026-09-24,Mendokoro,16,San,Tantanmen Ramen,Tantanmen Ramen,vegetarian,2026-09-24T03:10:47Z,2026-09-24T11:18:50Z,,12.5,14.5,17.5,312,3.8,3.5,10,1.29,0.9,0.2
5,2026-09-24,Mendokoro,16,Roku,Tori Ramen,Tori Ramen,meat,2026-09-24T03:10:47Z,2026-09-24T11:18:50Z,,13.8,15.8,18.8,302,4.9,3.3,9.7,1.18,0.8,0.2
294,2026-09-24,food market,19,grill,Chicken & Orzo,Chicken & Orzo,meat,2026-09-24T03:10:47Z,2026-09-24T11:18:50Z,,12.5,15.5,18.5,610,10,6.0,12,0.95,1.5,1.1
33,2026-09-24,food market,19,green delight,Choose 5,Choose 5,unclassified,2026-09-24T03:10:47Z,2026-09-24T11:18:50Z,,9.9,13.9,16.9,0.0,0.0,0.0,0.0,0.00,0.0,0.0
295,2026-09-24,food market,19,fire,Cod Loins à la Mer,Dorsch Loins à la Mer,fish,2026-09-24T03:10:47Z,2026-09-24T10:43:47Z,,8.5,12.5,15.5,441,5.3,2.5,12,0.63,1.7,0.9
299,2026-09-24,food market,19,fire,Crispy Pollock Bites,Seelachs Knusperli,fish,2026-09-24T11:18:50Z,2026-09-24T11:18:50Z,,8.5,12.5,15.5,441,5.3,2.5,12,0.63,1.7,0.9
296,2026-09-24,food market,19,green daily,Eggplant with Ricotta,Melanzane alla Ricotta,vegetarian,2026-09-24T03:10:47Z,2026-09-24T11:18:50Z,,7.0,11.5,14.5,410,4.2,5.8,7.0,0.69,1.7,2.6
297,2026-09-24,food market,19,pasta classica vegi,Farfalle with Pesto,Farfalle al pesto,unclassified,2026-09-24T03:10:47Z,2026-09-24T11:18:50Z,,7.0,11.5,14.5,621,4.6,5.3,20,0.44,2.0,1.0
298,2026-09-24,food market,19,pasta della nonna,Fried Mandu,Fried Mandu,vegan,2026-09-24T03:10:47Z,2026-09-24T11:18:50Z,,9.5,13.5,16.5,576,2.3,1.9,27,1.49,5.0,0.2
64,2026-09-24,food market,19,pizza classica,Pizza Margherita,Pizza Margherita,vegetarian,2026-09-24T03:10:47Z,2026-09-24T11:18:50Z,,7.0,11.5,14.5,859,9.6,5.3,29,1.28,1.2,2.5
287,2026-09-24,food market,19,pizza mamma mia,Pizza with buffalo mozzarella,Pizza alla bufala,vegetarian,2026-09-24T03:10:47Z,2026-09-24T09:22:48Z,2026-09-24T10:43:47Z,10.5,13.5,16.5,851,11,7.6,22,1.13,1.2,4.2
300,2026-09-25,FUSION meal,20,VEGAN,Green Power Bowl,Green Power Bowl,vegan,2026-09-25T03:10:41Z,2026-09-25T06:36:05Z,,8.9,12.9,16.9,,,,,,,
301,2026-09-25,FUSION meal,20,VEGGIE,Halloumi Steak,Halloumi-Steak,vegetarian,2026-09-25T03:10:41Z,2026-09-25T06:36:05Z,,7.0,11.5,14.5,,,,,,,
139,2026-09-25,FUSION meal,20,GLOBETROTTER,Hot Buffet,Warmes Buffet,vegetarian,2026-09-25T03:10:41Z,2026-09-25T06:36:05Z,,2.5,2.9,3.4,,,,,,,
141,2026-09-25,FUSION meal,20,POWER KITCHEN,Protein Buffet,Protein Buffet,vegetarian,2026-09-25T03:10:41Z,2026-09-25T06:36:05Z,,2.5,2.9,3.4,,,,,,,
142,2026-09-25,FUSION meal,20,FRESH ISLAND,Salad Buffet,Salat Buffet,vegetarian,2026-09-25T03:10:41Z,2026-09-25T06:36:05Z,,2.5,2.9,3.4,,,,,,,
302,2026-09-25,FUSION meal,20,WORLD OF ASIA VEGGIE,Tamarind and Jackfruit Curry ,Tamarinden-Jackfruit Curry ,vegetarian,2026-09-25T03:10:41Z,2026-09-25T06:36:05Z,,8.5,10.5,12.5,,,,,,,
303,2026-09-25,FUSION meal,20,WORLD OF ASIA,Turkey Stir-Fry ,Turkey Stir-Fry ,meat,2026-09-25T03:10:41Z,2026-09-25T06:36:05Z,,10.5,12.9,14.5,,,,,,,
304,2026-09-25,FUSION meal,20,SOUL FOOD,White Salmon Trout,Weisse Lachsforelle,fish,2026-09-25T03:10:41Z,2026-09-25T06:36:05Z,,10.5,13.5,16.5,,,,,,,
305,2026-09-25,FUSION meal,20,MEATWORKS,chicken thighs,Pouletschenkel,meat,2026-09-25T03:10:41Z,2026-09-25T06:36:05Z,,8.5,12.5,15.5,,,,,,,
1,2026-09-25,Mendokoro,16,Shi,Chicken Tonkatsu Bowl,Chicken Tonkatsu Bowl,meat,2026-09-25T03:10:41Z,2026-09-25T06:36:05Z,,13.8,15.8,18.8,733,5.8,3.8,29,1.06,6.1,0.5
3,2026-09-25,Mendokoro,16,Ichi,Miso Ramen,Miso Ramen,vegetarian,2026-09-25T03:10:41Z,2026-09-25T06:36:05Z,,10.5,12.5,15.5,293,2.8,3.6,10,1.22,0.9,0.2
4,2026-09-25,Mendokoro,16,Ni,Shoyu Ramen,Shoyu Ramen,vegetarian,2026-09-25T03:10:41Z,2026-09-25T06:36:05Z,,10.5,12.5,15.5,308,2.9,3.7,11,1.30,0.8,0.2
107,2026-09-25,Mendokoro,16,San,Tantanmen Ramen,Tantanmen Ramen,vegetarian,2026-09-25T03:10:41Z,2026-09-25T06:36:05Z,,12.5,14.5,17.5,312,3.8,3.5,10,1.29,0.9,0.2
5,2026-09-25,Mendokoro,16,Roku,Tori Ramen,Tori Ramen,meat,2026-09-25T03:10:41Z,2026-09-25T06:36:05Z,,13.8,15.8,18.8,302,4.9,3.3,9.7,1.18,0.8,0.2
306,2026-09-25,food market,19,fire,Alpine Herb Bratwurst,Alpenkräuter Bratwurst,meat,2026-09-25T03:10:41Z,2026-09-25T06:36:05Z,,8.5,12.5,15.5,545,4.7,8.2,8.5,0.84,1.4,2.6
307,2026-09-25,food market,19,grill,Breaded Turkey Cutlet,Paniertes Truthahnschnitzel,meat,2026-09-25T03:10:41Z,2026-09-25T06:36:05Z,,9.9,12.9,15.9,558,6.0,6.1,13,0.94,0.9,0.8
33,2026-09-25,food market,19,green delight,Choose 5,Choose 5,unclassified,2026-09-25T03:10:41Z,2026-09-25T06:36:05Z,,9.9,13.9,16.9,0.0,0.0,0.0,0.0,0.00,0.0,0.0
308,2026-09-25,food market,19,pasta classica,Greek-Style Risoni with Speck,Risoni alla greca con speck,meat,2026-09-25T03:10:41Z,2026-09-25T06:36:05Z,,8.5,12.5,15.5,553,5.2,4.5,17,0.82,1.6,1.5
64,2026-09-25,food market,19,pizza classica,Pizza Margherita,Pizza Margherita,vegetarian,2026-09-25T03:10:41Z,2026-09-25T06:36:05Z,,7.0,11.5,14.5,859,9.6,5.3,29,1.28,1.2,2.5
309,2026-09-25,food market,19,green daily,Tofu Satay,Tofu Satay,vegan,2026-09-25T03:10:41Z,2026-09-25T06:36:05Z,,7.0,11.5,14.5,561,4.9,5.6,16,0.94,2.1,2.2
310,2026-09-25,food market,19,pasta della nonna,Truffled Cheesy Pasta,Truffled Cheesy Pasta,unclassified,2026-09-25T03:10:41Z,2026-09-25T06:36:05Z,,9.5,13.5,16.5,745,6.2,6.3,23,0.42,2.2,2.9
